Date,Open,High,Low,Close,Adj Close,Volume,Daily Return,MA5,MA10,MA20,STD5,STD10,STD20
2018-01-31,115.6500015258789,116.66000366210938,115.16000366210938,115.66999816894531,107.35127258300781,13141400,,,,,,,
2018-02-01,115.7699966430664,116.98999786376953,115.4800033569336,116.87000274658203,108.46497344970703,13800600,0.01037436110352652,,,,,,
2018-02-02,116.48999786376953,116.91999816894531,114.08999633789062,114.27999877929688,106.06122589111328,16477300,-0.022161509675824642,,,,,,
2018-02-05,113.0,114.58999633789062,103.9800033569336,108.80000305175781,100.97532653808594,30097600,-0.04795248508864802,,,,,,
2018-02-06,106.8499984741211,112.4800033569336,106.61000061035156,112.11000061035156,104.04728698730469,33114800,0.030422882049904176,105.38001708984375,,,2.9599120669149883,,
2018-02-07,111.55000305175781,114.44999694824219,111.1500015258789,112.87000274658203,104.75263214111328,21878300,0.006779082609762455,104.86028900146485,,,2.747794342777035,,
2018-02-08,113.11000061035156,113.11000061035156,107.83999633789062,107.87999725341797,100.12149810791016,27425800,-0.04421019251300984,103.19159393310547,,,2.5367877328618356,,
2018-02-09,109.0999984741211,111.05000305175781,106.2300033569336,110.04000091552734,102.12615966796875,28188000,0.020022288898414065,102.40458068847656,,,1.9713308556146938,,
2018-02-12,111.16999816894531,112.7300033569336,110.06999969482422,111.73999786376953,103.70389556884766,18043300,0.015448890920880753,102.9502944946289,,,1.8507441280477412,,
2018-02-13,111.31999969482422,113.05000305175781,110.80000305175781,112.43000030517578,104.34428405761719,16358200,0.006175163288291152,103.0096939086914,104.19485549926758,,1.8988936404385035,2.6565137129544913,
2018-02-14,112.62999725341797,115.2699966430664,112.52999877929688,115.02999877929688,106.75727081298828,15186900,0.023125241379189365,103.4106216430664,104.13545532226563,,2.4812281213855205,2.5837377229127627,
2018-02-15,115.73999786376953,115.98999786376953,114.22000122070312,115.51000213623047,107.20277404785156,12130200,0.0041730481818300635,104.82687683105469,104.00923538208008,,2.1306785542109448,2.370787675077721,
2018-02-16,114.55000305175781,116.06999969482422,114.5,114.68000030517578,106.43245697021484,13214300,-0.007185607690458395,105.68813629150391,104.04635848999024,,1.5599951524532025,2.4090861422570535,
2018-02-20,114.6500015258789,115.38999938964844,113.97000122070312,114.70999908447266,106.4603042602539,13461500,0.0002616428374555557,106.23941802978516,104.59485626220703,,1.1038357955799043,2.251435671305056,
2018-02-21,115.0,117.44999694824219,114.66999816894531,115.19000244140625,106.9057846069336,14212500,0.004184473732018024,106.75171813964843,104.88070602416992,,0.3217407668682246,2.3533456108679918,
2018-02-22,115.5,116.43000030517578,114.76000213623047,114.9800033569336,106.71088409423828,17070400,-0.0018231053952030285,106.74244079589843,105.07653121948242,,0.32220906481967354,2.421977930332767,
2018-02-23,115.30999755859375,117.38999938964844,115.30999755859375,117.30999755859375,108.8733139038086,12162500,0.020264379101766483,107.07654876708985,105.95171279907227,,1.022967196798196,1.9719581778824913,
2018-02-26,118.13999938964844,118.9000015258789,117.31999969482422,118.7699966430664,110.22832489013672,16511200,0.012445758632140924,107.83572235107422,106.76192932128906,,1.644913628189103,1.888197776472189,
2018-02-27,118.91000366210938,119.33000183105469,117.3499984741211,117.36000061035156,108.91972351074219,17563300,-0.01187173424524779,108.32760620117188,107.28351211547852,,1.4913499217554709,1.6556850481730008,
2018-02-28,117.81999969482422,118.48999786376953,115.33999633789062,115.5,107.19348907470703,17735600,-0.0158486854390969,108.38514709472656,107.5684326171875,105.88164405822754,1.426936280552099,1.3008066923388633,2.671955535344499
2018-03-01,115.4800033569336,116.63999938964844,112.6500015258789,113.43000030517578,105.27236938476562,18690000,-0.017921981143859456,108.09744415283203,107.41994247436523,105.77769889831544,1.9116061413099172,1.4765693017952215,2.6521381342110724
2018-03-02,112.38999938964844,113.55999755859375,111.12000274658203,113.31999969482422,105.17027282714844,18353700,-0.0009698324281467441,107.3568359375,107.21669235229493,105.6129638671875,2.227151073362129,1.640564178092213,2.577714882395657
2018-03-05,112.05000305175781,115.93000030517578,111.88999938964844,115.05999755859375,106.78512573242188,13933000,0.01535465166975003,106.66819610595704,107.25195922851563,105.64915885925294,1.5452416704071152,1.6255544178748882,2.5893962853668424
2018-03-06,115.63999938964844,115.81999969482422,114.31999969482422,115.16000366210938,106.87793731689453,10674400,0.0008691433740053434,106.2598388671875,107.2937225341797,105.94428939819336,0.960719109396675,1.6082280640455209,2.354364777018412
2018-03-07,113.75,115.0999984741211,113.11000061035156,114.7300033569336,106.47886657714844,13006500,-0.0037338926046340815,106.11691436767578,107.25103073120117,106.06586837768555,0.8315735375728688,1.6252468547116223,2.3136797100163924
2018-03-08,115.11000061035156,115.2300033569336,113.20999908447266,114.73999786376953,106.48815155029297,11173700,8.720015006735693e-05,106.36007080078124,107.22875747680663,106.15264434814453,0.6882938610001247,1.6349689540164163,2.2942983618908785
2018-03-09,116.55000305175781,118.08000183105469,115.66999816894531,118.04000091552734,109.55081176757812,15366600,0.028760572633648396,107.23617858886719,107.2965072631836,106.62411003112793,1.3059841283274631,1.7223879185445297,1.929541989953974
2018-03-12,118.0,118.75,117.25,117.66000366210938,109.1981430053711,12339300,-0.003219225458185093,107.71878204345703,107.19348907470703,106.97770919799805,1.5250986356776128,1.5496995301676113,1.6957059451471148
2018-03-13,118.19999694824219,118.47000122070312,115.83000183105469,116.25,107.8895492553711,13312300,-0.011983663036610692,107.92110443115234,107.09047164916993,107.18699188232422,1.4509628904494927,1.4534482466620515,1.5195318906679671
2018-03-14,116.55999755859375,116.58999633789062,114.5999984741211,114.94999694824219,106.68303680419922,12905100,-0.011182848195204653,107.9619384765625,107.03942642211913,107.30392951965332,1.402283634193788,1.458383452944857,1.3720913904658125
2018-03-15,115.87000274658203,116.0,114.83000183105469,115.23999786376953,106.95217895507812,8748000,0.0025228204871303728,108.05474395751953,107.2074073791504,107.31367492675781,1.2913268044552089,1.3226608782804883,1.368692310025414
2018-03-16,115.33999633789062,116.5999984741211,115.33999633789062,115.44000244140625,107.13780212402344,19888900,0.0017355716429421353,107.5721420288086,107.40416030883789,107.3104263305664,1.0134273517823036,1.116178836008438,1.3690464472760928
2018-03-19,115.0999984741211,115.44999694824219,113.30000305175781,114.52999877929688,106.29325103759766,13214900,-0.007882848720828894,106.99116363525391,107.35497283935547,107.30346603393555,0.594168223673482,1.1565954961853668,1.3740895892326341
2018-03-20,114.87000274658203,115.44999694824219,114.44999694824219,114.63999938964844,106.39533233642578,9921200,0.0009603742272594751,106.69232025146485,107.3067123413086,107.30021743774414,0.35830325359620935,1.1883449987563335,1.3762629750604611
2018-03-21,114.80999755859375,116.62999725341797,114.20999908447266,114.73999786376953,106.48815155029297,13633000,0.0008723993038874944,106.6533432006836,107.30764083862304,107.2793357849121,0.36997550927648076,1.1876297151563089,1.3856985438278107
2018-03-22,113.19999694824219,113.5999984741211,109.54000091552734,109.94999694824219,102.0426254272461,22550400,-0.04174667376912178,105.67143249511719,106.86308822631835,107.0459228515625,2.05524937170138,2.0484881525483933,1.8135950736084852
2018-03-23,110.2699966430664,110.91999816894531,106.76000213623047,107.01000213623047,99.31407165527344,23081500,-0.02673935289834395,104.10668640136718,105.83941421508788,106.56796073913574,3.275661963229191,2.9259650249136664,2.4534253603218716
2018-03-26,109.19000244140625,111.16000366210938,108.6500015258789,110.30999755859375,102.37673950195312,20217500,0.030838206465952034,103.32338409423828,105.15727386474609,106.17538146972656,3.084788648918966,2.8500944321552977,2.4650432264857205
2018-03-27,111.06999969482422,111.69000244140625,107.30000305175781,108.16999816894531,100.39064025878906,18039900,-0.019399907174482478,102.12244567871093,104.40738296508789,105.74892730712891,2.739367584235311,3.0320408960732426,2.692551897011593
2018-03-28,108.27999877929688,109.16999816894531,106.6500015258789,108.0,100.23287200927734,19189300,-0.001571543413858345,100.87138977050782,103.7623664855957,105.40089645385743,1.2944048356327293,3.176772063583846,2.9349480090073103
2018-03-29,108.5,110.77999877929688,107.77999877929688,109.97000122070312,102.06120300292969,13274600,0.018240832144200247,100.87510528564454,103.27326889038086,105.24033813476562,1.2986270686002348,3.0028470883395215,3.02868679340205
2018-04-02,109.95999908447266,110.7300033569336,106.08000183105469,107.8499984741211,100.09365844726562,18822500,-0.01927808508790141,101.03102264404296,102.56885452270508,104.98650741577148,1.0952181410589064,2.815968851739448,3.240213866709575
2018-04-03,108.36000061035156,109.5,107.26000213623047,109.33000183105469,101.46723175048828,14050700,0.013722880395528048,100.84912109375,102.08625259399415,104.72061271667481,0.8677405659103058,2.502898814527501,3.3024473036748208
2018-04-04,107.0999984741211,111.20999908447266,107.0199966430664,110.98999786376953,103.0078353881836,15302600,0.01518326272548487,101.3725601196289,101.74750289916992,104.52710762023926,1.234078139625448,2.0416266756449333,3.2827113150146747
2018-04-05,111.62999725341797,112.83000183105469,111.38999938964844,111.87999725341797,104.36038208007812,16627000,0.013130522418973944,102.19806213378907,101.53472595214843,104.42118339538574,1.6056710918148394,1.542537701074859,3.2504389462965926
2018-04-06,110.55000305175781,111.55000305175781,107.81999969482422,109.08999633789062,101.75789642333984,18906000,-0.024937486859154423,102.1374008178711,101.50625305175781,104.18467063903809,1.6178175944053914,1.5347290443077706,3.2641891714417794
2018-04-09,110.01000213623047,112.9800033569336,109.88999938964844,110.4000015258789,102.97985076904297,15974300,0.012008447389866062,102.71463928222656,101.87283096313476,103.85612258911132,1.15500572447012,1.383256080621109,3.0169776779673323
2018-04-10,112.12999725341797,112.87000274658203,111.41999816894531,112.51000213623047,104.94803619384766,13951400,0.019112335181168838,103.41080017089844,102.12996063232421,103.64361724853515,1.259463099325907,1.6918885959159,2.7596038490936183
2018-04-11,111.66000366210938,111.80999755859375,110.5199966430664,110.62000274658203,103.18506622314453,14503300,-0.01679850366563096,103.44624633789063,102.40940322875977,103.40839309692383,1.2477261558072794,1.6010244632689903,2.5728192306751065
2018-04-12,111.55999755859375,114.38999938964844,111.5,113.37000274658203,105.75023651123047,16435500,0.024859898645978262,103.72421722412109,102.96113967895508,103.36175308227538,1.6057451335194575,1.7142948584383322,2.518207491441672
2018-04-13,115.0199966430664,115.1500015258789,109.05000305175781,110.30000305175781,102.8865737915039,39152800,-0.02707949234158402,103.9499526977539,103.0436767578125,103.15847282409668,1.3128324572871364,1.6857840942509512,2.373030380758888
2018-04-16,110.94000244140625,111.47000122070312,109.79000091552734,110.20999908447266,102.80261993408203,16580500,-0.0008159845772686136,103.91450653076171,103.31457290649413,102.94171371459962,1.3475077744080346,1.341577232541576,2.1806091609452127
2018-04-17,111.37000274658203,111.91999816894531,109.98999786376953,110.20999908447266,102.80261993408203,15501400,0.0,103.4854232788086,103.44811172485352,102.76718215942383,1.2757992457891096,1.1958058917671648,2.03293137223921
2018-04-18,110.52999877929688,111.06999969482422,108.88999938964844,109.31999969482422,101.97244262695312,16081400,-0.008075448929815487,103.2428985595703,103.34457244873047,102.5460376739502,1.450470592343905,1.2800224734976509,1.849799830834305
2018-04-19,109.52999877929688,111.87000274658203,109.5,111.72000122070312,104.21113586425781,17911000,0.021953904208164676,102.93507843017578,103.32964782714843,102.43218688964843,0.8050517795565405,1.267672990457953,1.6541252898598815
2018-04-20,112.30000305175781,112.73999786376953,110.87999725341797,111.47000122070312,103.97794342041016,15584400,-0.002237692180530493,103.15335235595703,103.55165252685546,102.52895278930664,0.9272850998442672,1.150843996116554,1.6864289794086544
2018-04-23,111.56999969482422,111.94999694824219,110.62999725341797,110.93000030517578,103.4742202758789,11285800,-0.004844519212065634,103.28767242431641,103.60108947753906,102.73696022033691,0.9122998701130545,1.1340475941855637,1.5170875740105787
2018-04-24,111.75,112.9000015258789,109.58999633789062,110.41000366210938,102.98918151855469,16453100,-0.004687532373097603,103.32498474121094,103.40520401000977,102.767582321167,0.8910701529078524,1.0408879885679276,1.5156142022862784
2018-04-25,110.2699966430664,110.52999877929688,108.5999984741211,109.98999786376953,102.59740447998047,13548200,-0.003804060123573594,103.44997711181641,103.34643783569337,102.87792053222657,0.6704311060348185,1.0708550605202614,1.4101186644093877
2018-04-26,109.97000122070312,110.81999969482422,109.33999633789062,110.0999984741211,102.70001983642578,10299500,0.001000174974848722,103.14775390625,103.04141616821289,103.00127792358398,0.5753890879950591,0.6691454771833412,1.267224159860713
2018-04-27,109.55000305175781,110.16000366210938,109.12999725341797,109.4000015258789,102.04706573486328,9384000,-0.006357877073465801,102.76157836914062,102.95746536254883,103.00057106018066,0.5246266539729846,0.739675624977714,1.26777995780651
2018-04-30,109.75,110.30000305175781,108.75,108.77999877929688,101.4687271118164,13744900,-0.005667371412221733,102.36047973632813,102.82407608032227,103.0693244934082,0.6041808140656739,0.8780355433215166,1.1318340648863476
2018-05-01,108.44999694824219,108.97000122070312,107.54000091552734,108.77999877929688,101.4687271118164,10503400,0.0,102.05638885498047,102.6906867980957,103.06939926147462,0.5911299172125247,0.9773604584749055,1.131722705658164
2018-05-02,108.11000061035156,109.48999786376953,107.7300033569336,107.91999816894531,100.66653442382812,12162100,-0.00790581207453489,101.67021484375,102.5600959777832,102.95233421325683,0.7568163440764535,1.1550795890561165,1.253017708421953
2018-05-03,107.58999633789062,107.7699966430664,105.18000030517578,107.23999786376953,100.03224182128906,15379100,-0.006300928170116071,101.13665924072265,102.14220657348633,102.73592720031738,0.7890078114957295,1.2439041630208432,1.3657216147736968
2018-05-04,106.43000030517578,108.73999786376953,105.9800033569336,108.43000030517578,101.14225769042969,11967900,0.011096580951606594,100.95569763183593,101.85863800048828,102.70514526367188,0.6118801240881151,1.0929844332873528,1.395538055180808
2018-05-07,108.76000213623047,109.68000030517578,108.36000061035156,109.37000274658203,102.01908111572266,9356700,0.00866920954025674,101.06576843261719,101.71312408447265,102.65710678100587,0.7590448645447976,0.9401789220854654,1.4021049924982494
2018-05-08,109.52999877929688,111.33999633789062,109.27999877929688,110.98999786376953,103.53018951416016,12543200,0.014812017339417283,101.47806091308594,101.7672248840332,102.58621444702149,1.3569880755116888,1.0327720456972194,1.3132016162545006
2018-05-09,111.44000244140625,113.63999938964844,111.02999877929688,113.41000366210938,105.78755950927734,11368100,0.021803978199116836,102.50226593017578,102.08624038696288,102.71633911132812,2.2379616770050443,1.6348885898731742,1.4923808143609651
2018-05-10,113.19000244140625,114.44000244140625,112.75,114.29000091552734,106.6083984375,9159700,0.0077593143468885906,103.81749725341797,102.47707824707031,102.75924720764161,2.352872062608265,2.17565806658324,1.5931362593639602
2018-05-11,114.48999786376953,114.7300033569336,113.66999816894531,113.86000061035156,106.20730590820312,10253000,-0.0037622976723735713,104.83050689697265,102.89310226440429,102.92528381347657,1.9727749345430226,2.4630676450637097,1.7702975267499066
2018-05-14,114.11000061035156,114.69999694824219,113.73999786376953,113.9000015258789,106.24462127685547,8710700,0.00035134464934638565,105.67561492919921,103.37069168090821,103.09738388061524,1.2340918112817216,2.614558357126574,1.9188222736248772
2018-05-15,113.91000366210938,113.91000366210938,112.56999969482422,113.02999877929688,105.43307495117188,11536200,-0.007638469749624677,106.05619201660156,103.76712646484376,103.22890663146973,0.4537926913410944,2.5946009921807156,1.9865111144717433
2018-05-16,112.88999938964844,113.69000244140625,112.62999725341797,113.33999633789062,105.72223663330078,7571100,0.002742608828044002,106.04312744140626,104.27269668579102,103.41639633178711,0.4642791685175719,2.4092497924211997,2.0379717303364284
2018-05-17,113.19999694824219,113.41000366210938,112.19999694824219,112.95999908447266,105.3677978515625,8617200,-0.003352547136962869,105.79500732421874,104.80625228881836,103.47422943115234,0.4156144181826647,1.9035444818872742,2.0777354869212386
2018-05-18,112.75,112.80000305175781,110.83999633789062,111.12999725341797,103.6607894897461,11806300,-0.01620047487583598,105.28570404052735,105.05810546875,103.45837173461913,0.9719680868135925,1.4856447427644084,2.074897053379384
2018-05-21,112.05000305175781,112.54000091552734,111.91999816894531,112.1500015258789,104.61222839355469,9441900,0.009178387589867887,104.95922546386718,105.3174201965332,103.51527214050293,0.8336656588500969,1.0622282022433587,2.090896795127841
2018-05-22,112.3499984741211,114.29000091552734,112.29000091552734,113.01000213623047,105.4144287109375,11507600,0.007668322620610901,104.95549621582032,105.50584411621094,103.63653450012207,0.8310536754706833,0.8573304942639947,2.1287638108951086
2018-05-23,112.51000213623047,112.7699966430664,111.12000274658203,112.48999786376953,104.92937469482422,11453900,-0.0046014006056359635,104.796923828125,105.42002563476562,103.75313301086426,0.715832784492518,0.8688719059844906,2.1327127795996894
2018-05-24,112.13999938964844,112.1500015258789,110.12000274658203,111.2300033569336,103.75407409667969,14084800,-0.01120087298302086,104.47417907714843,105.1345932006836,103.80583572387695,0.7567172262051025,0.9032591215392248,2.1182939288788822
2018-05-25,110.45999908447266,111.08000183105469,110.19999694824219,110.66000366210938,103.22238159179688,8283500,-0.0051245458022918244,104.3864974975586,104.83610076904297,103.86460151672364,0.8884590407248929,0.9976503914818071,2.082941906044704
2018-05-29,109.18000030517578,109.19999694824219,104.95999908447266,105.93000030517578,98.8102798461914,30643800,-0.04274365382358214,103.22610778808594,104.09266662597656,103.73167915344239,2.6205040229383236,2.048235046602933,2.315700178155767
2018-05-30,107.63999938964844,108.5999984741211,106.6500015258789,108.3499984741211,101.06763458251953,17490800,0.02284534301331731,102.35674896240235,103.65612258911133,103.71162452697754,2.426906447297226,2.1910377723722014,2.3379592626163017
2018-05-31,107.94999694824219,108.19000244140625,106.41999816894531,107.01000213623047,99.81770324707031,19808200,-0.01236727603858856,101.33441467285157,103.06566925048828,103.66918296813965,2.130845642180635,2.361357966898198,2.4029481918205335
2018-06-01,108.33999633789062,108.94000244140625,107.80000305175781,108.4000015258789,101.1142807006836,13594200,0.012989453888795355,100.80645599365235,102.64031753540038,103.72328491210938,1.655446919027734,2.282371656161515,2.3277579513644615
2018-06-04,108.98999786376953,109.26000213623047,108.2699966430664,108.44999694824219,101.16090393066406,9415400,0.00046109441374042603,100.39416046142578,102.39032897949218,103.72421722412109,1.0489300288490735,2.2950512513054213,2.326673273531799
2018-06-05,108.23999786376953,108.30999755859375,107.06999969482422,107.83999633789062,100.59191131591797,10415200,-0.005624629601333808,100.7504867553711,101.98829727172851,103.65285873413086,0.5693422257392116,2.213255931403577,2.402375714361259
2018-06-06,108.66000366210938,110.73999786376953,108.4800033569336,110.36000061035156,102.94254302978516,15453600,0.023367999306473264,101.12546844482422,101.74110870361328,103.62347640991212,1.150877264182252,1.9046056111729204,2.4075430435993037
2018-06-07,111.18000030517578,111.5,110.02999877929688,110.80000305175781,103.35296630859375,13444400,0.0039869160672458825,101.8325210571289,101.58346786499024,103.50174674987792,1.2298326966150885,1.6610652999073192,2.3533018738538956
2018-06-08,110.62000274658203,111.13999938964844,110.05999755859375,111.11000061035156,103.64214324951172,10383200,0.0027979549232726164,102.33809356689453,101.57227478027343,103.35343399047852,1.3721150920238694,1.6451140267584479,2.237845033168856
2018-06-11,111.12000274658203,111.91000366210938,110.7699966430664,110.83000183105469,103.3809585571289,12642900,-0.0025200626327653852,102.7821044921875,101.58813247680663,103.21211662292481,1.2496862348555253,1.6634492711487336,2.1350190208525053
2018-06-12,111.13999938964844,111.52999877929688,109.5199966430664,110.19000244140625,102.78398132324219,15294100,-0.005774537615230391,103.22051849365235,101.98550262451172,103.03908462524414,0.34960189218056525,1.3759089998333174,2.0130656391491137
2018-06-13,110.45999908447266,111.44999694824219,109.58000183105469,109.97000122070312,102.5787582397461,14979700,-0.0019966446216039824,103.14776153564453,102.13661499023438,102.89636878967285,0.446375380804587,1.346569765249401,1.934038406370785
2018-06-14,110.27999877929688,110.36000061035156,107.77999877929688,108.02999877929688,100.76913452148438,20487300,-0.01764131043614592,102.63099517822266,102.23175811767578,102.64871368408203,1.1266681027691077,1.1889014633961543,1.869175474354351
2018-06-15,107.80000305175781,108.37999725341797,106.2699966430664,107.9000015258789,100.64788055419922,26028600,-0.0012032847941082503,102.03214263916016,102.18511810302735,102.41271781921387,1.2444602672870846,1.245415577937408,1.8046512370994139
2018-06-18,107.26000213623047,108.4000015258789,106.69000244140625,108.18000030517578,100.90906524658203,9786800,0.0025950342018594696,101.53776397705079,102.15993423461914,102.27513160705567,1.0505561109281063,1.2707169282301027,1.8093797208843163
2018-06-19,106.9000015258789,107.87999725341797,106.5999984741211,107.55000305175781,100.32140350341797,12707200,-0.0058236764132939545,101.04524841308594,102.13288345336915,102.06059036254882,0.8843486010848696,1.3100752961206956,1.771673572675067
2018-06-20,108.18000030517578,108.63999938964844,107.44000244140625,107.54000091552734,100.31206512451172,8876900,-9.308461185886241e-05,100.59190979003907,101.8698356628418,101.80547218322754,0.2676824627304777,1.3910253967471204,1.6245666765846332
2018-06-21,107.0999984741211,108.20999908447266,106.52999877929688,107.51000213623047,100.28409576416016,11048700,-0.0002788234926361932,100.49490203857422,101.56294860839844,101.57320823669434,0.275183553871021,1.3657583470004437,1.480078400058347
2018-06-22,108.16000366210938,108.37000274658203,105.51000213623047,105.75,98.64238739013672,19478900,-0.016370575628305684,100.09380340576172,101.06297302246094,101.31762390136718,0.852483355188896,1.4335090733448148,1.524347612347842
2018-06-25,105.66000366210938,105.69999694824219,103.95999908447266,104.79000091552734,97.74691009521484,16907600,-0.00907801725621471,99.46137237548828,100.49956817626953,101.04385032653809,1.1989915330418701,1.5254689829565913,1.6507085088537714
2018-06-26,104.70999908447266,105.20999908447266,103.11000061035156,104.86000061035156,97.81220245361328,17086800,0.0006679736304180395,98.95953216552735,100.00239028930665,100.99394645690919,1.2719289183917695,1.5083115339146964,1.734735472063424
2018-06-27,104.68000030517578,105.91999816894531,103.2300033569336,103.23999786376953,96.30108642578125,16276800,-0.015449156546174958,98.15733642578125,99.37462310791015,100.75561904907227,1.4570184466458973,1.619193739137972,2.0269025145727295
2018-06-28,103.68000030517578,105.45999908447266,103.51000213623047,104.93000030517578,97.87750244140625,14491300,0.016369659721751306,97.67601776123047,99.08545989990235,100.65860900878906,0.8497756331335249,1.6005780165165047,2.1185147784710767
2018-06-29,106.68000030517578,106.9000015258789,104.1500015258789,104.19999694824219,97.19654846191406,18972400,-0.006957206329409882,97.38684997558593,98.74032669067383,100.46272239685058,0.6645308523145275,1.5983431936111936,2.2511375803791
2018-07-02,103.72000122070312,105.08999633789062,103.37999725341797,105.08000183105469,98.01741027832031,11130000,0.008445380308210293,97.44095001220703,98.45116119384765,100.3055477142334,0.7105867206993103,1.4132438277825454,2.308825219569271
2018-07-03,105.41000366210938,105.77999877929688,103.5199966430664,103.61000061035156,96.64620971679688,8311700,-0.013989357172668804,97.20775146484375,98.08364181518554,100.10826263427734,0.748600343970902,1.349265711907707,2.4474812660700183
2018-07-05,104.12999725341797,104.37999725341797,103.52999877929688,103.72000122070312,97.27458190917969,10723400,0.006501777919942553,97.40245056152344,97.77989349365234,99.82486457824707,0.555539382934745,1.1130907275382158,2.4301119568719174
2018-07-06,103.12000274658203,104.5,102.19999694824219,104.05999755859375,97.59346008300781,12173700,0.003278124331861365,97.34564208984375,97.51082992553711,99.53688926696778,0.5072401700404365,0.6823582537138804,2.329179965694677
2018-07-09,104.70999908447266,107.45999908447266,104.70999908447266,107.27999877929688,100.61334991455078,13900800,0.03094356762199446,98.0290023803711,97.70792617797852,99.38544960021973,1.5288843518089807,1.1617636849480617,2.1389063210039483
2018-07-10,108.0199966430664,108.4000015258789,106.52999877929688,106.62000274658203,99.99436950683594,14575900,-0.00615207035885923,98.42439422607421,97.93267211914062,99.21612014770508,1.762867653252924,1.3690406091924328,1.9297767406829311
2018-07-11,106.30999755859375,107.05999755859375,106.20999908447266,106.38999938964844,99.7786636352539,10186500,-0.0021571801757026554,99.05088500976562,98.12931823730469,99.06585426330567,1.5116598017491414,1.486043385261749,1.7455500142984273
2018-07-12,107.41999816894531,107.55999755859375,105.97000122070312,106.8499984741211,100.2100601196289,12456800,0.004323534397614237,99.63798065185547,98.52021560668945,98.94741935729981,1.1837957161466162,1.4656804326619912,1.5657540364523304
2018-07-13,107.30000305175781,107.80000305175781,105.13999938964844,106.36000061035156,99.75052642822266,21289100,-0.004585704178379557,100.06939392089843,98.7075180053711,98.89648895263672,0.3561966949853192,1.4938293371001061,1.519255098918924
2018-07-16,107.05000305175781,110.7699966430664,106.9800033569336,110.58000183105469,103.70829010009766,24662600,0.039676619398323565,100.68838195800781,99.35869216918945,99.04950942993165,1.6983411518016676,2.0701086783420584,1.8277443312438058
2018-07-17,110.69000244140625,110.93000030517578,109.75,110.5,103.63326263427734,14821900,-0.0007234471395478614,101.4161605834961,99.92027740478515,99.1857192993164,2.066386395867711,2.4010943163288694,2.060328544319782
2018-07-18,110.41999816894531,112.12000274658203,110.19999694824219,111.52999877929688,104.5992431640625,14244900,0.009321143667879284,102.38027648925781,100.71558074951172,99.39961128234863,2.229508466489776,2.510763772524416,2.38145893933308
2018-07-19,111.05999755859375,111.08999633789062,109.7300033569336,109.88999938964844,103.06117248535156,16775300,-0.014704414986048131,102.95049896240235,101.2942398071289,99.53706665039063,1.8715530937362332,2.286391553305457,2.5126225110749005
2018-07-20,110.0,111.73999786376953,109.77999877929688,111.27999877929688,104.36477661132812,13578100,0.012648838496009285,103.87334899902343,101.97137145996093,99.74110069274903,0.6150081359186226,2.060087106088383,2.7325359239834373
2018-07-23,111.05999755859375,114.23999786376953,110.93000030517578,113.3499984741211,106.30615234375,18140000,0.01860182904095975,104.3929214477539,102.54065170288087,100.1242889404297,1.2302896057010348,2.401410067368281,3.0849751900145637
2018-07-24,113.55000305175781,114.77999877929688,113.41999816894531,114.1500015258789,107.05643463134766,14000400,0.007057750384677153,105.07755584716797,103.24685821533203,100.58976516723632,1.5990661116386278,2.599623880012302,3.3942189078141416
2018-07-25,113.87999725341797,115.5199966430664,113.37999725341797,115.18000030517578,108.0224380493164,13329100,0.009023310194246736,105.76219482421875,104.07123565673828,101.10027694702148,2.020392612513108,2.6833686603109683,3.7078227679142985
2018-07-26,115.41999816894531,115.58999633789062,114.58000183105469,114.8499984741211,107.71294403076172,11897800,-0.002865090106681234,106.69254913330079,104.82152404785157,101.67086982727051,1.458599527322504,2.528245833663209,3.8071584616379788
2018-07-27,115.18000030517578,116.30000305175781,114.80999755859375,116.02999877929688,108.81961059570312,12802700,0.010274220753128338,107.58351593017578,105.7284324645996,102.21797523498535,0.9548307061385419,2.0969049515115543,4.013942984644159
2018-07-30,116.27999877929688,117.61000061035156,116.05999755859375,116.7300033569336,109.47611236572266,13411600,0.006032936218257845,108.2175079345703,106.3052146911621,102.83195343017579,0.9470138511761278,2.2659421754097235,4.14252319933403
2018-07-31,117.08000183105469,117.08000183105469,114.81999969482422,114.94999694824219,107.80671691894531,15843800,-0.015248947105469535,108.36756439208985,106.72256011962891,103.32141876220703,0.7575312333698131,2.097190039601419,4.121997410979418
2018-08-01,115.75,116.69000244140625,115.27999877929688,115.66000366210938,108.47259521484375,13531600,0.006176593768262961,108.45759582519531,107.10989532470703,103.91273803710938,0.732599014577602,2.0176365956674585,3.959063045822523
2018-08-02,114.56999969482422,116.25,114.33000183105469,116.1500015258789,108.93214416503906,11058100,0.0042365442560410305,108.70143585205078,107.69699249267578,104.49561614990235,0.6164830295821958,1.4951521754357449,3.7846212841613784
2018-08-03,116.0,117.12999725341797,115.94000244140625,117.08999633789062,109.81373596191406,11016100,0.008093036299178458,108.90026092529297,108.24188842773438,105.10662994384765,0.7977773058108494,1.0815187204223131,3.593266289085837
2018-08-06,116.79000091552734,117.52999877929688,116.18000030517578,117.12000274658203,109.84188079833984,9857400,0.0002562961379943829,108.97341461181641,108.59546127319337,105.56805648803712,0.8766527695272713,0.9480921493136655,3.5784033191897207
2018-08-07,117.73999786376953,118.29000091552734,117.33000183105469,117.55000305175781,110.24514770507812,10562100,0.0036713401464660844,109.46110076904297,108.91433258056641,106.08059539794922,0.7316100271787392,0.9083551511072349,3.4705506084133377
2018-08-08,117.33000183105469,118.2699966430664,117.27999877929688,117.79000091552734,110.47025299072266,8997100,0.002041861164236547,109.86063232421876,109.15911407470703,106.61517486572265,0.5882453963709847,0.9690897443831438,3.266165905142836
2018-08-09,117.51000213623047,117.72000122070312,116.69999694824219,116.87999725341797,109.61677551269531,9694200,-0.007725857911260681,109.99755859375,109.3494972229004,107.08551063537598,0.3491999612533952,0.8305154462858033,2.958028784310723
2018-08-10,115.5,115.94999694824219,114.68000030517578,115.7300033569336,108.53825378417969,12630600,-0.009839020747246074,109.74246215820312,109.32136154174805,107.52489700317383,0.7513606427464888,0.8548699103320161,2.413732785329121
2018-08-13,115.55999755859375,115.87999725341797,113.81999969482422,113.88999938964844,106.81259155273438,10336300,-0.01589911548491152,109.13660430908203,109.05500946044921,107.68011207580567,1.4997591718296184,1.1613099787382068,2.2496206656509883
2018-08-14,114.2699966430664,115.04000091552734,113.6500015258789,114.6500015258789,107.52537536621094,10597600,0.006673218982095941,108.5926498413086,109.02687530517578,107.87471771240234,1.4903748039028146,1.1977478257409615,2.0396670989746064
2018-08-15,113.81999969482422,114.33000183105469,112.97000122070312,113.69999694824219,106.6343994140625,10152100,-0.008286192437031215,107.82547912597656,108.84305572509766,107.97647552490234,1.250146475541715,1.4138291888588599,1.9145860970101851
2018-08-16,114.3499984741211,115.30999755859375,114.30000305175781,114.7699966430664,107.63790130615234,10118600,0.009410677019835223,107.42970428466796,108.71363143920898,108.20531196594239,0.7574164821271324,1.4631461817686673,1.531326647584701
2018-08-17,114.63999938964844,115.06999969482422,114.30000305175781,114.7699966430664,107.63790130615234,8505100,0.0,107.2496337890625,108.49604797363281,108.3689682006836,0.48658401112771044,1.4430180739757708,1.2479634043610717
2018-08-20,114.58999633789062,115.05000305175781,114.11000061035156,114.62000274658203,107.49723052978516,8618700,-0.001306888880777013,107.38656158447266,108.26158294677734,108.42852210998535,0.4253257937872318,1.3895379832591395,1.170349126022465
2018-08-21,115.37000274658203,116.38999938964844,114.87999725341797,115.31999969482422,108.15373229980469,10976700,0.006107150545033191,107.51223297119141,108.05244140625,108.4833869934082,0.5508909321967738,1.2026379816524202,1.1275802396686774
2018-08-22,115.30999755859375,115.41000366210938,114.77999877929688,114.97000122070312,107.82548522949219,8314700,-0.003035004556316112,107.75045013427734,107.78796463012695,108.47353935241699,0.25383134955715175,0.8513557574240127,1.1326663470761273
2018-08-23,114.95999908447266,115.1500015258789,114.43000030517578,114.7300033569336,107.60038757324219,9265400,-0.002087610881332136,107.74294738769531,107.58632583618164,108.46791152954101,0.2585012057770547,0.5585013187215216,1.136916035424978
2018-08-24,114.9800033569336,115.22000122070312,114.44999694824219,114.68000030517578,107.55349731445312,8845700,-0.000435781504570687,107.72606658935547,107.48785018920898,108.40460586547852,0.2695938323634922,0.4478652910462435,1.1514588536673611
2018-08-27,115.22000122070312,117.27999877929688,115.16999816894531,116.70999908447266,109.45734405517578,13768000,0.017701393150948874,108.11808929443359,107.75232543945313,108.40366744995117,0.7853773062687132,0.7093588773866777,1.1505469236204626
2018-08-28,117.0,117.02999877929688,115.97000122070312,116.13999938964844,108.92276763916016,8302600,-0.004883878926809637,108.27189636230469,107.89206466674804,108.45946998596192,0.865335743629631,0.7924552733965525,1.1471301228228044
2018-08-29,116.3499984741211,116.37000274658203,115.36000061035156,115.76000213623047,108.56639099121094,7221700,-0.003271828798271259,108.42007751464844,108.08526382446288,108.46415977478027,0.832598299634694,0.6791827770391617,1.1473783114563672
2018-08-30,115.58999633789062,116.04000091552734,114.9800033569336,115.19000244140625,108.03180694580078,8991800,-0.004924028887111409,108.50636138916016,108.12465438842773,108.41914291381836,0.744062768488873,0.6615479701622441,1.1457117306720692
2018-08-31,114.83000183105469,114.83999633789062,113.81999969482422,114.58000183105469,107.459716796875,13065700,-0.005295571416414346,108.48760528564453,108.1068359375,108.3014419555664,0.7746408223174026,0.6783026133136221,1.1154180339510116
2018-09-04,114.33999633789062,115.23999786376953,113.62999725341797,115.1500015258789,107.99429321289062,10174200,0.00497466801467672,108.1949951171875,108.15654220581055,108.20906257629395,0.5646090640816673,0.646115735909294,1.0560527286054775
2018-09-05,115.0,115.69999694824219,114.25,114.58999633789062,107.4690933227539,11462400,-0.004863218921220103,107.90426025390624,108.08807830810547,108.07025985717773,0.46091765771127935,0.681737560784605,0.951627080159188
2018-09-06,114.5,114.69999694824219,113.5,114.0999984741211,107.00955200195312,9877600,-0.004276032360491566,107.59289245605468,108.00648498535156,107.89722480773926,0.42635565080539767,0.7608901279282303,0.7938115725158773
2018-09-07,114.5,114.7699966430664,113.62999725341797,114.31999969482422,107.21587371826172,10955600,0.0019280682186655351,107.42970581054688,107.96803359985351,107.77717971801758,0.36860017528216454,0.7927413798590913,0.6955409727018581
2018-09-10,114.8499984741211,114.97000122070312,113.66000366210938,113.70999908447266,106.6437759399414,8276900,-0.005335942883081368,107.26651763916016,107.87706146240234,107.68245582580566,0.5067291097516828,0.8916282719500781,0.7151623196056538
2018-09-11,113.54000091552734,114.58000183105469,113.18000030517578,114.43000030517578,107.31904602050781,9333800,0.006332015859478846,107.1314682006836,107.66323165893554,107.70777854919433,0.31976857007959225,0.70803837701465,0.6913093507752056
2018-09-12,114.25,114.87999725341797,112.8499984741211,113.08000183105469,106.05294036865234,10800800,-0.011797585785597864,106.84823760986328,107.37624893188476,107.6341567993164,0.5140869277597364,0.7222558324641747,0.7839535093771636
2018-09-13,113.37000274658203,114.12999725341797,112.66999816894531,113.5199966430664,106.46558380126953,12470800,0.003890919301084761,106.73944396972657,107.16616821289062,107.62571601867675,0.5287633687763189,0.6382628474197429,0.7960991104414941
2018-09-14,113.80999755859375,114.48999786376953,113.2300033569336,113.5,106.44683074951172,10337900,-0.00017614191448778183,106.58563537597657,107.00767059326172,107.56616249084473,0.46333426768293356,0.5947283392527654,0.8385573960316287
2018-09-17,113.79000091552734,114.43000030517578,113.30000305175781,113.83999633789062,106.76569366455078,9561300,0.002995513467088484,106.61001892089844,106.93826828002929,107.52255210876464,0.4703143763028283,0.5763251812224993,0.8571052320729827
2018-09-18,114.33000183105469,114.66000366210938,113.55999755859375,114.30000305175781,107.19711303710938,7944200,0.004040805222640831,106.58563232421875,106.85855026245117,107.50754623413086,0.4253730695076361,0.4567540982942819,0.8601934935208979
2018-09-19,114.44000244140625,118.05999755859375,114.44000244140625,117.62000274658203,110.31080627441406,16052800,0.02904642810881297,107.4372055053711,107.1427215576172,107.61539993286132,1.6348581603956316,1.1839385424395104,1.0579718953335835
2018-09-20,118.5,119.23999786376953,118.08000183105469,118.62999725341797,111.25804138183594,15590000,0.008586965678280878,108.39569702148438,107.56757049560547,107.78702774047852,2.222175338780851,1.7552635501516296,1.3357900264790474
2018-09-21,119.12999725341797,119.2300033569336,117.73999786376953,117.8499984741211,110.52650451660156,24788200,-0.006575137007164722,109.21163177490234,107.89863357543945,107.93333358764649,2.071579480202383,1.9794534448663772,1.4679766837843964
2018-09-24,117.76000213623047,118.45999908447266,116.43000030517578,116.72000122070312,109.46672058105469,12492500,-0.009588504948943588,109.75183715820313,108.18092803955078,108.02899475097657,1.5643779873963393,1.98190287324168,1.5038220473580848
2018-09-25,117.04000091552734,117.97000122070312,116.31999969482422,116.38999938964844,109.15723419189453,9308300,-0.0028272189713676177,110.14386138916015,108.36474685668945,108.0139892578125,0.843747046536838,1.97832393998569,1.490255602537955
2018-09-26,116.75,116.87000274658203,114.66000366210938,115.0199966430664,107.87236785888672,14023600,-0.0117707849829638,109.65617370605469,108.54668960571288,107.96146926879882,1.3029056178649385,1.8193663947102594,1.4749734153951861
2018-09-27,115.41999816894531,115.76000213623047,114.16000366210938,114.5199966430664,107.40343475341797,13283000,-0.004347110523078346,108.8852523803711,108.64047470092774,107.90332145690918,1.2577267670584402,1.7217213786392982,1.472792439299316
2018-09-28,113.6500015258789,114.23999786376953,112.5199966430664,112.83999633789062,105.82783508300781,15815100,-0.014669918834788631,107.94551849365234,108.57857513427734,107.79312286376953,1.46339498671739,1.8177969823744253,1.5434325106668207
2018-10-01,113.37000274658203,114.61000061035156,113.04000091552734,113.5,106.44683074951172,10146300,0.005849081822550728,107.34154052734375,108.54668884277343,107.74247856140137,1.291719957400497,1.8555352736252935,1.5713142392161614
2018-10-02,113.36000061035156,114.12000274658203,112.80999755859375,113.97000122070312,106.88761901855469,13753100,0.004140924308777327,106.88761749267579,108.51573944091797,107.68714485168456,0.7989418688220483,1.8829256059139157,1.5814330303403301
2018-10-03,114.94000244140625,115.66000366210938,114.4800033569336,115.04000091552734,107.8911361694336,17142000,0.009388525631810696,106.89137115478516,108.27377243041992,107.70824699401855,0.8047481655742509,1.779234026983849,1.5811860661475305
2018-10-04,114.55000305175781,116.80999755859375,114.20999908447266,115.2699966430664,108.86388397216797,16357400,0.009016012225571135,107.18346099853515,108.03435668945312,107.8009635925293,1.2033800045669023,1.4666755678550538,1.5923870350802904
2018-10-05,115.83000183105469,116.0999984741211,114.0199966430664,114.62000274658203,108.25000762939453,13777600,-0.005638934790626937,107.6678955078125,107.80670700073242,107.85267028808593,0.9898118338376356,1.1868583983627305,1.5891750865598941
2018-10-08,114.25,115.77999877929688,113.3499984741211,115.31999969482422,108.9111099243164,14370900,0.006107180123120504,108.16075134277344,107.75114593505859,107.96603698730469,0.8305056346563642,1.1110998620213992,1.5792386641377365
2018-10-09,114.66999816894531,115.02999877929688,113.66999816894531,114.5199966430664,108.15556335449219,14069500,-0.006937277292915822,108.41434020996094,107.65097885131836,108.0078628540039,0.45182487459980303,1.0108863518349196,1.572263458538996
2018-10-10,114.69999694824219,114.94999694824219,111.47000122070312,111.47000122070312,105.27507019042969,23086400,-0.02663287097512823,107.89112701416016,107.39124908447266,107.96896934509277,1.5024227447219851,1.2524799533233486,1.631667132522448
2018-10-11,110.97000122070312,111.47000122070312,107.37999725341797,108.12999725341797,102.12068939208984,33705600,-0.02996322674146834,106.54248809814453,106.86297454833985,107.7517246246338,2.8410674066855863,2.0845000846584982,2.0721552464155124
2018-10-12,110.37000274658203,110.83000183105469,105.5999984741211,106.94999694824219,101.00626373291016,32075700,-0.010912829376825695,105.09373931884765,106.38081741333008,107.47969627380371,3.518751489604229,2.7890870322452384,2.5536478148454522
2018-10-15,107.19999694824219,108.8499984741211,106.31999969482422,106.33999633789062,100.43016052246094,18903200,-0.005703638459220728,103.39754943847656,105.779150390625,107.16291961669921,3.2526065117691365,3.363149745090723,3.00070545790352
2018-10-16,107.16000366210938,108.77999877929688,106.7300033569336,108.62000274658203,102.58345031738281,19302800,0.021440668656905082,102.28312683105469,105.3487335205078,106.93223648071289,1.8796388413678125,3.4789557071265502,3.1704765318860133
2018-10-17,108.37999725341797,110.80000305175781,108.2300033569336,109.83000183105469,103.7262191772461,18794500,0.011139894947261642,101.97335662841797,104.93224182128907,106.60300712585449,1.3022260995727837,3.388908108635515,3.1429325987277634
2018-10-18,109.0199966430664,109.83999633789062,107.80999755859375,108.08999633789062,102.08290100097656,17582500,-0.01584284271907621,101.9657989501953,104.25414352416992,106.14425010681153,1.3012665648745512,3.187214799810036,3.0969878106598707
2018-10-19,107.6500015258789,109.22000122070312,107.2699966430664,107.91000366210938,101.91292572021484,15234500,-0.001665071026538456,102.14713134765626,103.62043533325195,105.71357116699218,1.192776094331528,2.923535792436622,3.0541223380224376
2018-10-22,108.1500015258789,108.33999633789062,106.11000061035156,106.36000061035156,100.44905853271484,16199100,-0.014363901116123401,102.15091094970703,102.7742301940918,105.2626880645752,1.1859859071831276,2.399752662578245,3.135439641529591
2018-10-23,104.19999694824219,106.16000366210938,103.69999694824219,105.25,99.40074157714844,21407500,-0.010436304440075816,101.51436920166016,101.89874801635742,104.7748634338379,1.6565524875690667,1.718730280826825,3.254342223491442
2018-10-24,104.76000213623047,105.02999877929688,102.91000366210938,103.29000091552734,97.54966735839844,23168900,-0.018622338117199266,100.27905883789063,101.1262077331543,104.25872840881348,1.8823712767123155,1.7680205585363742,3.5430074960821654
2018-10-25,104.18000030517578,105.9000015258789,103.72000122070312,104.86000061035156,99.03242492675781,17464700,0.015200026904363506,99.66896362304688,100.8173812866211,103.84017791748047,1.6288381746470146,1.843133358299418,3.644942567199267
2018-10-26,104.0,104.55999755859375,102.7300033569336,103.41999816894531,97.67245483398438,19174900,-0.013732573889604804,98.82086944580078,100.48400039672852,103.43240890502929,1.2213535504342379,2.09012819449503,3.8606723965907124
2018-10-29,104.45999908447266,106.62999725341797,103.69999694824219,104.8499984741211,99.0229721069336,18445200,0.013827002456779924,98.53565216064453,100.34328155517578,103.06121597290038,0.8587664503176416,2.140908681239194,3.9121386376575606
2018-10-30,105.70999908447266,106.9800033569336,104.86000061035156,106.69999694824219,100.77015686035156,18019700,0.017644236647746725,98.80953521728516,100.16195220947266,102.75534286499024,1.3057077750837247,2.002400585950045,3.8356236720029435
2018-10-31,108.08000183105469,110.4800033569336,107.79000091552734,109.0199966430664,102.96122741699219,20860000,0.02174324844682962,99.8918472290039,100.08545303344727,102.50884742736817,2.0378773160666133,1.8607016117005393,3.6417100211068787
2018-11-01,109.62000274658203,110.22000122070312,108.31999969482422,108.9800033569336,102.92345428466797,13065000,-0.00036686754103310015,100.67005310058593,100.16950836181641,102.21182594299316,2.3471146422195623,1.9763516929134206,3.324549512779667
2018-11-02,109.9000015258789,110.80999755859375,107.48999786376953,108.37999725341797,102.35679626464844,19009200,-0.0055056257483572235,101.60692138671875,100.21389541625976,101.91716537475585,1.6960752327548423,2.024261629583171,3.0072267439605134
2018-11-05,108.61000061035156,109.29000091552734,108.41999816894531,109.08999633789062,103.02733612060547,10276400,0.006551004724916432,102.40779418945313,100.47172317504882,101.62297668457032,0.9540024483196893,2.2129445360959097,2.5382455618853825
2018-11-06,108.66999816894531,109.66999816894531,107.76000213623047,109.5999984741211,103.50898742675781,10825000,0.004674985535766174,102.95556030273437,100.88254776000977,101.3906478881836,0.40957741500303946,2.3679413429792904,2.080156049854524
2018-11-07,110.37000274658203,111.7300033569336,109.3499984741211,111.4800033569336,105.28450775146484,12679600,0.017153296238777038,103.4202163696289,101.65603179931641,101.39111976623535,1.119760290840964,2.4209892431359434,2.081084461758607
2018-11-08,111.01000213623047,112.93000030517578,111.0,112.37999725341797,106.1344985961914,11662500,0.008073275573772465,104.06242523193359,102.36623916625976,101.59181022644043,1.5869661904119052,2.6008568465622552,2.333386694684121
2018-11-09,112.2300033569336,112.36000061035156,110.83000183105469,111.29000091552734,105.10507202148438,10432200,-0.009699264502333715,104.61208038330078,103.10950088500977,101.79675064086913,1.298189603316653,2.1298231865094386,2.456027045826085
2018-11-12,111.41999816894531,111.94000244140625,108.5999984741211,108.94999694824219,102.8951187133789,13279700,-0.021026133806879788,104.58563690185547,103.4967155456543,101.91999855041504,1.339237814385318,1.5871781941345693,2.445665887943775
2018-11-13,109.0999984741211,111.12000274658203,109.0999984741211,109.58999633789062,103.4995346069336,13746100,0.005874096858164091,104.58374633789063,103.7696533203125,101.96580276489257,1.3411429757453375,1.2689955333858527,2.4672289640410243
2018-11-14,110.2300033569336,110.70999908447266,105.9800033569336,107.33000183105469,101.36515045166016,18361400,-0.02062216186168675,103.79987487792968,103.6100456237793,101.84774932861328,1.8702057718980374,1.4669121919510264,2.4348364414886
2018-11-15,108.23999786376953,110.08000183105469,106.80999755859375,110.06999969482422,103.95287322998047,19100000,0.02552872231521386,103.3635498046875,103.71298751831054,101.94124794006348,1.3794674025800697,1.4493920248076837,2.4798297051404945
2018-11-16,109.44999694824219,110.76000213623047,108.55000305175781,109.98999786376953,103.8773193359375,13798600,-0.0007268090981555897,103.11799926757813,103.86503982543945,102.0394676208496,1.0655169434826277,1.3688270064762094,2.5172685714078504
2018-11-19,109.95999908447266,111.19999694824219,109.52999877929688,110.83000183105469,104.6706314086914,13987000,0.007637009482198476,103.47310180664063,104.02936935424805,102.25054626464843,1.2521788196308998,1.3556619836185249,2.5536219693524114
2018-11-20,109.77999877929688,110.48999786376953,107.9800033569336,108.44999694824219,102.42289733886719,18936200,-0.021474352830144205,103.25777435302734,103.92076034545899,102.40165405273437,1.3362455196492706,1.4426969552542415,2.4639545124422897
2018-11-21,109.02999877929688,109.61000061035156,107.63999938964844,107.63999938964844,101.65792083740234,10619600,-0.00746880357166535,103.31632843017579,103.55810165405273,102.60706672668456,1.235169168050353,1.5157613755912536,2.1947046537841945
2018-11-23,106.73999786376953,107.38999938964844,106.05999755859375,106.6500015258789,100.72294616699219,6488400,-0.009197263358411645,102.67034301757812,103.0169464111328,102.69159278869628,1.6075235619735757,1.4586747559404039,2.0793065014438423
2018-11-26,107.72000122070312,109.9800033569336,107.44999694824219,109.26000213623047,103.18789672851562,13948300,0.024472582021545675,102.53245849609375,102.82522888183594,102.96736488342285,1.504371738758476,1.2671484929456833,1.7118835708017757
2018-11-27,108.76000213623047,110.02999877929688,108.62999725341797,109.72000122070312,103.62232208251953,9238200,0.004210041756610883,102.32279663085937,102.89794921875,103.19733238220215,1.167129604808688,1.2922236750219245,1.4417349816174914
2018-11-28,109.80000305175781,111.4000015258789,108.87000274658203,110.94000244140625,104.77452087402344,13977300,0.011119214164939883,102.79312133789062,103.02544784545898,103.39755058288574,1.608078902000631,1.4152202591256604,1.362814258385853
2018-11-29,110.2699966430664,110.80000305175781,109.63999938964844,110.05999755859375,103.94342803955078,11144300,-0.007932203626795142,103.2502227783203,103.28327560424805,103.44666061401367,1.5275378651280032,1.3100883814725715,1.3639601735154174
2018-11-30,109.8499984741211,111.31999969482422,109.58000183105469,111.19000244140625,105.01063537597656,18652700,0.010267193958811038,104.10776062011719,103.38905181884766,103.5510196685791,0.7695059146705615,1.409117487029617,1.4011614672981672
2018-12-03,112.37999725341797,112.88999938964844,111.73999786376953,112.23999786376953,106.00226593017578,16034500,0.009443144026781924,104.67063446044922,103.60154647827149,103.73329315185546,0.9390718024955853,1.6333146886975496,1.472909436129805
2018-12-04,111.5999984741211,111.5999984741211,106.7300033569336,107.2300033569336,101.27070617675781,23555900,-0.044636401985356344,104.20031127929687,103.26155395507813,103.64546165466308,1.7945721927417002,1.7366435256063004,1.5666164306645096
2018-12-06,105.01000213623047,105.36000061035156,102.87999725341797,105.19000244140625,99.34408569335938,27213900,-0.019024459847606034,103.11422424316406,102.95367279052735,103.43721656799316,2.749420050319974,2.130171645720411,1.8388689801770084
2018-12-07,105.16000366210938,106.9800033569336,102.91000366210938,103.29000091552734,97.54966735839844,19248600,-0.018062658913583274,101.8354721069336,102.54284744262695,103.05047454833985,3.617247631510943,2.721829615121215,2.206529861718372
2018-12-10,102.87000274658203,103.48999786376953,99.27999877929688,101.36000061035156,95.72693634033203,23636400,-0.018685158724013662,99.97873229980469,102.04324645996094,102.53009643554688,3.9475642990511046,3.4532400271545374,2.627925402824398
2018-12-11,103.12999725341797,103.66000366210938,100.20999908447266,100.37000274658203,94.79195404052734,16860700,-0.009767180853679447,97.736669921875,101.2036521911621,102.01444053649902,2.6371645930161915,4.1034623905932035,3.0706091875130523
2018-12-12,101.66000366210938,102.9000015258789,100.05999755859375,101.0199966430664,95.40582275390625,22621500,0.006475958002896132,96.56369323730469,100.38200225830079,101.6399757385254,1.8629689422737887,4.378728992877049,3.396886593966297
2018-12-13,101.55000305175781,101.97000122070312,100.66999816894531,101.12000274658203,95.50027465820312,17250900,0.0009900014650101596,95.79493103027343,99.45457763671875,101.24001274108886,1.0401818746500016,4.326857836332391,3.6293865966967376
2018-12-14,99.98999786376953,101.94000244140625,99.86000061035156,100.29000091552734,94.71639251708984,19879500,-0.008208166352597468,95.22827606201172,98.53187408447266,100.90757484436035,0.4490461577894271,4.246332933747687,3.9109034935010265
2018-12-17,99.7699966430664,100.55999755859375,98.44000244140625,99.01000213623047,93.50753784179688,25113500,-0.012762887639273801,94.78439636230469,97.38156433105469,100.38530807495117,0.7958803015490808,3.8343414902860973,4.171580606584189
2018-12-18,99.41999816894531,100.88999938964844,98.12000274658203,98.54000091552734,93.06364440917969,20837200,-0.004747140635530389,94.43873443603516,96.08770217895508,99.84462432861328,1.106483297083263,2.579980957755822,4.390213088606705
2018-12-19,98.41000366210938,100.58000183105469,96.5999984741211,97.29000091552734,91.88311767578125,28767900,-0.012685154776530427,93.73419342041015,95.14894332885743,99.20524864196777,1.415207418025304,2.157906245985491,4.577546267418325
2018-12-20,96.61000061035156,98.27999877929688,95.69000244140625,96.44999694824219,91.08979797363281,31825200,-0.008634009404728138,92.85209808349609,94.32351455688476,98.63859367370605,1.4137336707775114,1.942883003241703,4.85153250952813
2018-12-21,96.68000030517578,98.43000030517578,93.69000244140625,94.16999816894531,88.93650817871094,41313900,-0.023639198272732753,91.69612121582031,93.46219863891602,98.00252304077148,1.8144840548954677,2.2401952790097504,5.252229579492788
2018-12-24,92.88999938964844,94.22000122070312,92.13999938964844,92.13999938964844,87.01933288574219,17009300,-0.021556673769070556,90.39848022460937,92.59143829345703,97.31734237670898,2.4156348918563753,2.866773650287528,5.749016889438952
2018-12-26,92.69000244140625,95.95999908447266,91.11000061035156,95.95999908447266,90.62702178955078,22542900,0.0414584757682015,89.9111557006836,92.17494506835938,96.68929862976074,1.9431207425883228,2.8136081429770083,5.760029746386326
2018-12-27,94.81999969482422,97.1500015258789,93.55000305175781,97.04000091552734,91.64701080322266,20304700,0.011254800097485695,89.86393432617187,91.79906387329102,96.0905330657959,1.8852242900934861,2.5749820772045022,5.6221758254031196
2018-12-28,97.94999694824219,98.31999969482422,96.44000244140625,96.83000183105469,91.44868469238281,17963300,-0.0021640215987587252,89.93571166992187,91.39390487670899,95.42424125671387,1.9493085056946724,2.222537600038668,5.320390645503752
