Date,export_usd,import_usd,gdp,export_rmb,consumer_index,wholsale_index,fiscal_expense,m2,CNY_USD,foreign)inv,export_price,import_price,foreign_reserve,tot,tnt,res,mon,beer
1月-97,116.92,99.77,,,105.9,103.3,492.29,78648,8.29,7.9,103.1,103,1086.79,1.000970874,1.025169409,1086.79,78648,89.87
2月-97,98.47,77.29,,,105.6,102.9,363.22,78998,8.3,17.66,103.8,101.6,1103.15,1.021653543,1.026239067,1103.15,78998,92.32
3月-97,140.47,110.98,16689.1,,104,101.7,539.4,79889,8.3,27.7,102,99,1120.55,1.03030303,1.022615536,1120.55,79889,91.92
4月-97,147.95,112.2,,,103.2,101.1,636.2,80818,8.29,40.67,100.4,99.9,1144.08,1.005005005,1.020771513,1144.08,80818,93.01
5月-97,151.92,115.58,,,102.8,100.8,644.62,81151,8.29,51.43,104,103.9,1175.75,1.000962464,1.01984127,1175.75,81151,91.11
6月-97,153.73,112.2,19163.6,,102.8,100.8,836.87,82789,8.29,69.03,103.2,102.4,1209.41,1.0078125,1.01984127,1209.41,82789,89.55
7月-97,155.46,127.91,,,102.7,100.6,742.86,83460,8.29,81.99,100.2,102.3,1259.46,0.979472141,1.020874751,1259.46,83460,89.63
8月-97,160.27,110.7,,,101.9,100.1,649.2,84746,8.29,94.67,101.8,104.4,1303.4,0.975095785,1.017982018,1303.4,84746,91.41
9月-97,165.63,114.8,20500.9,,101.8,100,707.99,85892,8.28,109.85,102.3,105.6,1340.7,0.96875,1.018,1340.7,85892,93.16
10月-97,178.17,128.42,,,101.5,99.6,743.23,86644,8.28,125.59,102.1,106.2,1378.97,0.961393597,1.019076305,1378.97,86644,92.47
11月-97,167.52,120.97,,,101.1,99.2,868.37,87590,8.28,142.01,98.2,102.7,1388.73,0.956183057,1.019153226,1388.73,87590,93.88
12月-97,191.9,190.78,23361.5,,100.4,98.8,2009.3,90995.3,8.28,161.51,99.4,105.1,1398.9,0.945765937,1.016194332,1398.9,90995.3,98.12
1月-98,126.76,86.95,,,100.3,98.5,507.43,92211.4,8.28,8.71,100,102.5,1404.86,0.975609756,1.018274112,1404.86,92211.4,101.4
2月-98,121.58,89.93,,,99.9,98.1,456.92,92024,8.28,16.51,99,101.1,1403.33,0.979228487,1.018348624,1403.33,92024,99.82
3月-98,153.77,118.02,18049.1,,100.7,98.8,602.15,92015,8.28,31.17,98.2,100.3,1406.17,0.979062812,1.019230769,1406.17,92015,99.4
4月-98,159.52,116.86,,,99.7,97.9,679.11,92662,8.28,42.59,96.5,100,1405.67,0.965,1.018386108,1405.67,92662,99.02
5月-98,149.27,112.91,,,99,97.3,772.31,93936,8.28,54.41,94.6,97.7,1409.05,0.968270215,1.017471737,1409.05,93936,98.2
6月-98,156.09,118.56,20296.6,,98.7,97,990.87,94658,8.28,76.49,97.6,100.4,1405.1,0.972111554,1.017525773,1405.1,94658,98.75
7月-98,161.57,119.64,,,98.6,96.8,804.38,96314,8.28,87.67,97.9,100.5,1405.99,0.974129353,1.018595041,1405.99,96314,97.41
8月-98,155.57,108.79,,,98.6,96.7,803.78,97299,8.28,101.27,93.6,99.2,1407.38,0.943548387,1.019648397,1407.38,97299,98.88
9月-98,154.76,115.43,21775.6,,98.5,96.7,976.56,99795,8.28,113.57,92.6,96.8,1411.07,0.95661157,1.018614271,1411.07,99795,98.33
10月-98,147.3,116.53,,,98.9,97.1,870.57,100875.2,8.28,139.08,90.5,95.4,1437,0.948637317,1.01853759,1437,100875.2,94.12
11月-98,151.28,123.46,,,98.8,97.2,1045.29,102229,8.28,149.63,92.1,100,1445.88,0.921,1.016460905,1445.88,102229,93.62
12月-98,200.01,176.79,25074.2,,99,97.3,2288.82,104498.5,8.28,165.16,92.6,99.7,1449.59,0.928786359,1.017471737,1449.59,104498.5,92.69
1月-99,113.93,99.03,,,98.8,97.2,553.6,105500,8.28,9.25,90.5,98.9,1450.9,0.915065723,1.016460905,1450.9,105500,92.86
2月-99,110,87.22,,,98.7,97.2,529.76,107778,8.28,19.43,92.3,102.1,1465.15,0.904015671,1.015432099,1465.15,107778,94.63
3月-99,148.78,143.78,19361.9,,98.2,96.8,756.88,108438,8.28,31.04,90.2,98.3,1466.25,0.917599186,1.01446281,1466.25,108438,95.61
4月-99,148.04,138.37,,,97.8,96.5,794.83,109218,8.28,42.76,93.2,101,1466.65,0.922772277,1.013471503,1466.65,109218,94.88
5月-99,155.32,136.57,,,97.8,96.5,890.57,110061,8.28,56.69,94.6,104.6,1467.45,0.904397706,1.013471503,1467.45,110061,93.9
6月-99,153.98,145.23,21567.7,,97.9,96.6,1118.89,111363,8.28,75.36,90.2,104.4,1470.51,0.863984674,1.013457557,1470.51,111363,93.02
7月-99,173.39,139.21,,,98.6,97.4,957.63,111414,8.28,87.43,91.8,102.6,1487.37,0.894736842,1.012320329,1487.37,111414,92.57
8月-99,183.25,134.46,,,98.7,97.4,839.96,112827,8.28,99.03,98.1,105.1,1507.3,0.933396765,1.013347023,1507.3,112827,91.41
9月-99,185.76,152.68,23050.8,,99.2,97.2,1275.63,115079,8.28,113.01,96.7,109.6,1515.11,0.88229927,1.020576132,1515.11,115079,92.29
10月-99,182.32,137.93,,,99.4,97.4,1035.71,115390,8.28,123.47,101.7,108.8,1528.47,0.934742647,1.020533881,1528.47,115390,91.17
11月-99,194.77,169.09,,,99.1,97.2,1118.33,116559,8.28,142.02,100.3,109.7,1537.7,0.914311759,1.019547325,1537.7,116559,90.83
12月-99,202.39,174.22,26583.9,,99,97,3311.64,119898,8.28,156.27,100.6,104.4,1546.75,0.963601533,1.020618557,1546.75,119898,90.37
1月-00,167.97,152.58,,,99.8,97.9,776.57,118907.8,8.28,8.99,99.8,112.8,1561,0.884751773,1.019407559,1561,118907.8,91.86
2月-00,147.75,134.29,,,100.7,98.6,718.16,119353.6,8.28,18.17,99.7,111.4,1565.59,0.89497307,1.021298174,1565.59,119353.6,94.3
3月-00,201.46,178.14,21329.9,,99.8,97.9,878.69,120399.58,8.28,35.54,101.8,109.6,1568.2,0.928832117,1.019407559,1568.2,120399.58,92.54
4月-00,205,183.61,,,99.7,97.6,1087.35,121914.77,8.28,48.48,99.7,112.1,1568.46,0.889384478,1.021516393,1568.46,121914.77,92.19
5月-00,201.05,169.66,,,100.1,98.1,1022.15,121902.65,8.28,63.71,100.5,107,1580.19,0.939252336,1.02038736,1580.19,121902.65,93.15
6月-00,221.93,203.01,24043.4,,100.5,98.6,1352.41,124486.78,8.28,85.49,102,111.8,1585.68,0.91234347,1.019269777,1585.68,124486.78,91.04
7月-00,214.79,194.92,,,100.5,98.8,1048.45,124192.78,8.28,99.14,100.8,109.5,1585.96,0.920547945,1.017206478,1585.96,124192.78,91.12
8月-00,233.29,207.88,,,100.3,98.7,1287.72,125673.26,8.28,111.73,99.2,112.3,1592.17,0.883348175,1.01621074,1592.17,125673.26,92.05
9月-00,229.73,207.15,25712.5,,100,98.5,1278.31,128352.61,8.28,127.87,100.4,110.4,1600.92,0.90942029,1.015228426,1600.92,128352.61,94.1
10月-00,228,189.16,,,100,98.3,1080.86,127432.53,8.28,149.52,101.1,106.5,1613.44,0.949295775,1.017293998,1613.44,127432.53,94.79
11月-00,221.55,216.41,,,101.3,99.4,1375.58,128887.4,8.28,171.88,100.7,109,1639.11,0.923853211,1.019114688,1639.11,128887.4,95.78
12月-00,219.86,214.14,29194.3,,101.5,99.6,3977.25,132487.52,8.28,191.39,103.3,109.3,1655.74,0.945105215,1.019076305,1655.74,132487.52,95.56
1月-01,169.26,155.45,,,101.2,99.5,827.28,135685.99,8.28,12.81,101.3,100.8,1686.23,1.004960317,1.017085427,1686.23,135685.99,96.82
2月-01,191.99,182.26,,,100,98.3,950.83,134390.49,8.28,25.99,100,104,1747.73,0.961538462,1.017293998,1747.73,134390.49,97.03
3月-01,231.39,207.73,24086.4,,100.8,99.1,1054.87,136915.12,8.28,44.25,95.8,103.6,1758.47,0.924710425,1.01715439,1758.47,136915.12,98.05
4月-01,227.92,218.59,,,101.6,100.1,1181.3,138121.03,8.28,60.45,101.7,101.4,1771.78,1.00295858,1.014985015,1771.78,138121.03,99.23
5月-01,208.14,188.09,,,101.7,100.1,1309.95,137219.27,8.28,82.3,98,103.3,1790,0.948693127,1.015984016,1790,137219.27,98.05
6月-01,220.81,212.52,26726.6,,101.4,99.9,1720.42,141885.6,8.28,111.89,98.2,100.1,1808.38,0.981018981,1.015015015,1808.38,141885.6,97.78
7月-01,228.88,209.56,,,101.5,99.8,1363.81,140076.48,8.28,130.55,98,98,1844.92,1,1.017034068,1844.92,140076.48,98.03
8月-01,235.4,221.62,,,101,98.8,1467.23,143787.3,8.28,148.07,97,100.3,1900.53,0.967098704,1.022267206,1900.53,143787.3,95.97
9月-01,239.89,218.51,28333.3,,99.9,98.7,1603.94,151822.6,8.28,173.36,97.7,97.8,1957.64,0.998977505,1.012158055,1957.64,151822.6,96.02
10月-01,227.91,189.02,,,100.2,99.2,1223.45,146157.58,8.28,198.8,97.4,98.9,2030.29,0.984833165,1.010080645,2030.29,146157.58,96.79
11月-01,240,208.45,,,99.7,98.3,1801.41,154088.3,8.28,222.7,97.9,97.4,2083.15,1.00513347,1.014242116,2083.15,154088.3,97.54
12月-01,245.03,223.9,31716.8,,99.7,98.2,4398.09,152888.5,8.28,235.5,99,96.9,2121.65,1.021671827,1.015274949,2121.65,152888.5,98.33
1月-02,217.03,189.7,,,99,98,1040.57,157853.45,8.28,17.58,96.7,98.6,2174,0.980730223,1.010204082,2174,157853.45,99.99
2月-02,191.37,159.18,,,100,98.9,1124.2,159182.97,8.28,34.48,96,99.2,2235.31,0.967741935,1.011122346,2235.31,159182.97,101.49
3月-02,238.18,224.84,26295,,99.2,98.2,1346.58,162300.93,8.28,59.38,100.3,102.8,2276.05,0.975680934,1.010183299,2276.05,162300.93,99.19
4月-02,267.24,257.52,,,98.7,97.9,1488.05,162825.22,8.28,81.58,95.6,97.1,2338.24,0.984552008,1.008171604,2338.24,162825.22,98.07
5月-02,246.44,224.33,,,98.9,98.2,1334.99,164268.36,8.28,99.79,100.2,101.1,2384.73,0.991097923,1.00712831,2384.73,164268.36,95.49
6月-02,260.13,230.94,29194.8,,99.2,99.2,1962.97,167869.41,8.28,144.22,94.1,99.6,2427.6,0.944779116,1,2427.6,167869.41,93.2
7月-02,292.1,269.88,,,99.1,98.9,1682.22,169122.95,8.28,174.1,97.4,100.4,2465.34,0.970119522,1.002022245,2465.34,169122.95,90.92
8月-02,294.37,272.05,,,99.3,98.9,1607.45,171524.2,8.28,205.82,97.3,104,2530.96,0.935576923,1.004044489,2530.96,171524.2,91.59
9月-02,319.11,297.94,31257.3,,99.3,99,1910.52,175254.87,8.28,233.45,99.5,101.8,2586.23,0.97740668,1.003030303,2586.23,175254.87,92.55
10月-02,299.46,251.97,,,99.2,98.8,1513.86,175534.74,8.28,264.19,95.8,108.4,2655.39,0.883763838,1.004048583,2655.39,175534.74,93.18
11月-02,312.09,287.35,,,99.3,99.1,1900.02,178018.43,8.28,286.63,99.6,106,2746.25,0.939622642,1.002018163,2746.25,178018.43,92.08
12月-02,318.89,287.33,34970.3,,99.6,99.7,5141.71,183246.94,8.28,317.25,96.8,105.9,2864.07,0.914069877,0.998996991,2864.07,183246.94,91.9
1月-03,297.76,310.16,,,100.4,99.4,1295.25,188918.38,8.28,24.43,101.1,109.6,3044.57,0.922445255,1.010060362,3044.57,188918.38,91.24
2月-03,244.56,237.8,,,100.2,99.7,1097.1,188444.37,8.28,50.3,102.2,110.3,3082.52,0.926563917,1.005015045,3082.52,188444.37,91.77
3月-03,320.91,325.49,29825.5,,100.9,100.2,1500.03,192832.44,8.28,86.88,100.5,113.1,3160.09,0.888594164,1.006986028,3160.09,192832.44,90.83
4月-03,356.17,346.01,,,101,100.1,1734.5,194476.98,8.28,116.22,103.8,111.3,3269.91,0.932614555,1.008991009,3269.91,194476.98,90.59
5月-03,338.42,316.04,,,100.7,99.4,1688.71,197811.96,8.28,152.19,104.4,111.2,3400.61,0.938848921,1.013078471,3400.61,197811.96,87.47
6月-03,344.76,323.36,32537.3,,100.3,98.7,2350.25,203071.74,8.28,196.49,102,110.4,3464.76,0.923913043,1.01621074,3464.76,203071.74,86.49
7月-03,381.1,365.14,,,100.5,98.8,1815.59,204381.1,8.28,214.73,103.3,109.9,3564.86,0.939945405,1.017206478,3564.86,204381.1,86.86
8月-03,374.15,346.21,,,100.9,99.3,1703.67,208692.4,8.28,235.16,101.8,108.3,3647.34,0.939981533,1.01611279,3647.34,208692.4,87.62
9月-03,419.41,416.52,35291.9,,101.1,99.6,2079.77,211611.5,8.28,257.83,103.8,105.9,3838.63,0.980169972,1.015060241,3838.63,211611.5,87.16
10月-03,409.26,351.93,,,101.8,100.3,1683.01,212505.4,8.28,280.03,103.3,104.5,4009.92,0.988516746,1.014955135,4009.92,212505.4,85.69
11月-03,417.62,368.93,,,103,101.4,1984.11,214358.84,8.28,301.72,103.2,106.8,4203.61,0.966292135,1.015779093,4203.61,214358.84,86.98
12月-03,480.62,423.36,39767.4,,103.2,101.9,5717.94,219226.81,8.28,333.84,104.7,110.9,4032.51,0.944093778,1.012757605,4032.51,219226.81,85.94
1月-04,357.12,357.37,,,103.2,101.7,1368.55,223229.16,8.28,26.7,105.6,110.7,4157.2,0.953929539,1.014749263,4157.2,223229.16,85.81
2月-04,341.58,420.3,,,102.1,100.9,1361.96,225149.2,8.28,55.44,104.3,114.5,4266.4,0.910917031,1.011892963,4266.4,225149.2,85.25
3月-04,458.48,463.88,34544.6,,103,101.7,1771.5,229726.91,8.28,94.18,106.7,107.4,4398.2,0.993482309,1.012782694,4398.2,229726.91,86.1
4月-04,471.24,493.74,,,103.8,102.6,2099.66,231684.46,8.28,130.33,105.3,109.3,4490.17,0.963403477,1.011695906,4490.17,231684.46,86.69
5月-04,448.68,427.65,,,104.4,103.3,1720.93,232897.23,8.28,171.18,105.8,111.8,4585.6,0.946332737,1.010648596,4585.6,232897.23,87.51
6月-04,504.96,486.53,38700.8,,105,104.1,2480.26,236242.28,8.28,224.07,106.5,113.5,4706.39,0.938325991,1.008645533,4706.39,236242.28,86.03
7月-04,510.04,489.72,,,105.3,104.4,1935.33,236199.28,8.28,259.87,107,114.8,4829.82,0.932055749,1.00862069,4829.82,236199.28,85.64
8月-04,514,469.11,,,105.3,104.4,1976.45,237662.88,8.28,290.3,105.3,114.7,4961.69,0.918047079,1.00862069,4961.69,237662.88,86.38
9月-04,558.03,508.11,41855,,105.2,104.3,2429.94,241696.4,8.28,325.41,106.8,115.8,5145.38,0.922279793,1.008628955,5145.38,241696.4,86.7
10月-04,525.24,454.34,,,104.3,103.4,1917.29,241642.15,8.28,358.4,108,115,5424.43,0.939130435,1.008704062,5424.43,241642.15,85.2
11月-04,609.25,510.3,,,102.8,101.9,2531.82,244848.03,8.28,384.6,106.5,116.2,5738.82,0.916523236,1.008832188,5738.82,244848.03,83.05
12月-04,637.84,527.08,46739.8,,102.4,101.3,6893.21,250802.79,8.28,402.2,109.2,115.2,6099.32,0.947916667,1.010858835,6099.32,250802.79,81.84
1月-05,507.55,442.61,,,101.9,100.9,1555.58,255345.86,8.28,29.87,106.7,110.7,6236.46,0.963866305,1.009910803,6236.46,255345.86,82.83
2月-05,442.73,399.16,,,103.9,102.4,1472.83,257020.45,8.28,58.3,106.2,105.7,6426.1,1.004730369,1.014648438,6426.1,257020.45,84.16
3月-05,608.69,551.36,40453.3,,102.7,101.4,2180.94,262197.68,8.28,97.59,106.1,108.4,6591.44,0.978782288,1.012820513,6591.44,262197.68,82.39
4月-05,621.51,575.6,,,101.8,100.6,2380.86,264577.85,8.28,127.74,104.7,107.7,6707.74,0.972144847,1.011928429,6707.74,264577.85,82.82
5月-05,584.27,494.39,,,101.8,100.6,1995.14,266724.84,8.28,163.47,102.9,104.9,6910.12,0.980934223,1.011928429,6910.12,266724.84,82.75
6月-05,659.6,562.82,44793.1,,101.6,100.5,2836.03,272990.41,8.28,209.81,101.2,101.2,7109.73,1,1.010945274,7109.73,272990.41,83.47
7月-05,655.84,550.39,,,101.8,100.8,2239.26,274301.53,8.11,238.17,102.8,100.3,7327.33,1.024925224,1.009920635,7327.33,274301.53,84.99
8月-05,684,578.07,,,101.3,100.3,2413.27,278701.61,8.1,272.12,103.1,99.7,7532.09,1.034102307,1.00997009,7532.09,278701.61,85.03
9月-05,701.86,626.23,48047.8,,100.9,100,2876.03,284832.32,8.09,307.89,100.6,101.9,7690.04,0.987242395,1.009,7690.04,284832.32,85.28
10月-05,680.92,560.76,,,101.2,100.4,2187.95,284945.2,8.08,344.4,101.4,98.8,7849.02,1.026315789,1.007968127,7849.02,284945.2,86.39
11月-05,722.18,616.87,,,101.3,100.6,3188.39,289634.81,8.08,378.08,101.9,99.8,7942.23,1.021042084,1.00695825,7942.23,289634.81,87.76
12月-05,754.12,643.96,54024.8,,101.6,100.9,8604,296040.13,8.07,429.61,100.9,102.9,8188.72,0.980563654,1.006937562,8188.72,296040.13,87.6
1月-06,649.89,554.97,,,101.9,101,2227.88,303571.65,8.06,34.37,100.6,99.9,8451.8,1.007007007,1.008910891,8451.8,303571.65,86.89
2月-06,541.08,516.84,,,100.9,100.4,1559.67,304516.27,8.04,62.25,101,99.5,8536.72,1.015075377,1.00498008,8536.72,304516.27,88.14
3月-06,780.46,668.57,47078.9,,100.8,100.2,2504.1,310490.65,8.02,103.06,100,98.9,8750.7,1.011122346,1.005988024,8750.7,310490.65,86.91
4月-06,769.48,664.91,,,101.2,100.6,2728.52,313702.34,8.02,135.53,101.9,99.8,8950.4,1.021042084,1.005964215,8950.4,313702.34,86
5月-06,731.14,601.1,,,101.4,101,2166.3,316709.81,8.02,166.9,102.5,102.5,9250.2,1,1.003960396,9250.2,316709.81,83.77
6月-06,813.11,668.08,52673.3,,101.5,101.3,3414.62,322756.35,8,204.5,103.7,100.6,9411.15,1.030815109,1.001974334,9411.15,322756.35,84.46
7月-06,803.37,657.14,,,101,100.7,2524.77,324010.76,7.97,238.3,103.6,105.2,9545.5,0.984790875,1.002979146,9545.5,324010.76,84.24
8月-06,907.66,719.7,,,101.3,100.9,2604.92,327885.67,7.96,273.1,101.9,111.6,9720.39,0.913082437,1.003964321,9720.39,327885.67,84.15
9月-06,916.29,763.42,56064.7,,101.5,101.2,3426.17,331865.36,7.91,311.6,104.5,103.5,9879.28,1.009661836,1.002964427,9879.28,331865.36,85.48
10月-06,881.27,642.98,,,101.4,101.1,2670.56,332747.17,7.88,355.7,103.2,105.4,10096.3,0.979127135,1.002967359,10096.3,332747.17,86.27
11月-06,958.54,729.26,,,101.9,101.5,3783.71,337504.15,7.84,398.3,103,106.3,10387.5,0.968955786,1.003940887,10387.5,337504.15,86.25
12月-06,940.94,730.97,63621.6,,102.8,102.4,10811.51,345577.91,7.81,462.81,102.7,105.3,10663.4,0.975308642,1.00390625,10663.4,345577.91,86.57
1月-07,866.2,707.39,,,102.2,101.8,1870.86,351498.77,7.78,41.3,105.4,104.7,11046.9,1.006685769,1.003929273,11046.9,351498.77,88.43
2月-07,820.96,583.39,,,102.7,101.9,2543.71,358659.25,7.74,76.32,104.6,104.8,11573.7,0.998091603,1.007850834,11573.7,358659.25,89.65
3月-07,834.24,765.53,57159.3,,103.3,102.5,2874.18,364104.66,7.73,123.48,105.9,104.7,12020.3,1.011461318,1.007804878,12020.3,364104.66,88.21
4月-07,974.5,806.04,,,103,102.2,3220.47,367326.45,7.71,157.77,106.4,107.3,12465.66,0.991612302,1.007827789,12465.66,367326.45,87.13
5月-07,940.65,715.91,,,103.4,102.4,2922.2,369718.15,7.65,196.2,103.1,106.3,12926.71,0.969896519,1.009765625,12926.71,369718.15,87.72
6月-07,1032.68,763.58,64781.6,,104.4,103.2,4488.57,377832.15,7.62,248.9,108.1,106.6,13326.25,1.014071295,1.011627907,13326.25,377832.15,88.69
7月-07,1077.44,833.87,,,105.6,104.4,3236.56,383884.88,7.57,287.8,104.4,108.8,13852,0.959558824,1.011494253,13852,383884.88,89.01
8月-07,1113.55,863.81,,,106.5,105.2,3426.67,387205.04,7.56,328.6,103,107.5,14086.4,0.958139535,1.012357414,14086.4,387205.04,89.94
9月-07,1123.73,885.67,69482.1,,106.2,104.9,4433.11,393098.91,7.51,371.52,106,102.3,14336.1,1.036168133,1.012392755,14336.1,393098.91,89.7
10月-07,1077.24,806.73,,,106.5,105.3,3560.25,394204.17,7.47,422.6,106.2,106.8,14548.98,0.994382022,1.011396011,14548.98,394204.17,88.45
11月-07,1176.21,913.4,,,106.9,106,4508.19,399757.91,7.4,477.05,106.4,110.6,14969.06,0.962025316,1.008490566,14969.06,399757.91,88.54
12月-07,1144.16,917.29,78669.3,,106.5,105.6,12696.58,403401.3,7.3,572.64,106.6,108,15282.49,0.987037037,1.008522727,15282.49,403401.3,90.27
1月-08,1096.4,901.74,,,107.1,106.2,3014.08,417846.17,7.19,85.98,106.5,114.8,15898.1,0.927700348,1.008474576,15898.1,417846.17,91.99
2月-08,873.68,788.13,,,108.7,108.1,2682.85,421037.84,7.11,143.57,111.9,118.1,16471.34,0.947502117,1.005550416,16471.34,421037.84,94.8
3月-08,1089.63,955.56,69373.6,,108.3,107.8,3809.81,423054.53,7.02,215.23,109,117.6,16821.77,0.926870748,1.004638219,16821.77,423054.53,92.35
4月-08,1187.71,1021.03,,,108.5,108.1,4078.44,429313.72,7,272.94,110.1,121.8,17566.55,0.903940887,1.003700278,17566.55,429313.72,92.81
5月-08,1204.96,1002.86,,,107.7,107.5,4024.63,436221.6,6.94,335.21,110.4,120.9,17969.61,0.913151365,1.001860465,17969.61,436221.6,93.15
6月-08,1211.8,1001.8,78711.8,,107.1,107.1,5272.21,443141.02,6.86,413.68,111.1,120.1,18088,0.925062448,1,18088,443141.02,93.64
7月-08,1366.75,1113.97,,,106.3,106.8,4561.44,446362.17,6.84,479.55,108.5,121.9,18451.64,0.890073831,0.995318352,18451.64,446362.17,93.6
8月-08,1348.73,1061.78,,,104.9,105.5,4035.74,448846.68,6.83,531.27,110.6,122.7,18841.53,0.901385493,0.994312796,18841.53,448846.68,95.76
9月-08,1364.32,1070.65,82460.1,,104.6,105.3,4948.94,452898.71,6.82,583.61,106.9,117.5,19055.85,0.909787234,0.993352327,19055.85,452898.71,98.39
10月-08,1283.27,930.88,,,104,104.6,4143.17,453133.32,6.83,635.15,108.4,110.8,18796.88,0.97833935,0.994263862,18796.88,453133.32,102.61
11月-08,1149.87,748.97,,,102.4,102.7,5254.03,458644.66,6.83,676.57,105.5,101.9,18847.17,1.035328754,0.99707887,18847.17,458644.66,105.27
12月-08,1111.57,721.77,88699,,101.2,101.4,16601.69,475166.6,6.83,723.15,105.1,90,19460.3,1.167777778,0.998027613,19460.3,475166.6,102.84
1月-09,904.54,513.44,,,101,100.7,3993.45,496135.31,6.84,54.08,102.3,89.4,19134.56,1.144295302,1.002979146,19134.56,496135.31,104.82
2月-09,648.95,600.54,,,98.4,98.4,3810.08,506708.07,6.84,99.02,97.5,82.4,19120.66,1.183252427,1,19120.66,506708.07,107.63
3月-09,902.91,717.29,73979.2,,98.8,98.5,5007.39,530626.71,6.84,167.61,94.4,81.5,19537.41,1.158282209,1.003045685,19537.41,530626.71,107.42
4月-09,919.35,788,,,98.5,98.1,5078.05,540481.21,6.83,212.24,94.1,80.8,20088.8,1.16460396,1.004077472,20088.8,540481.21,104.93
5月-09,887.58,753.69,,,98.6,98.1,4608.01,548263.51,6.83,261.07,93.8,79.6,20894.91,1.17839196,1.00509684,20894.91,548263.51,101.56
6月-09,954.11,871.6,83865.8,,98.3,97.7,6405.58,568916.2,6.83,329.1,91.2,83.7,21316.06,1.089605735,1.006141249,21316.06,568916.2,99.59
7月-09,1054.2,947.91,,,98.2,97.5,4985.67,573102.85,6.83,367.89,92.9,83.3,21746.18,1.115246098,1.007179487,21746.18,573102.85,99.18
8月-09,1037.07,879.95,,,98.8,98,4737.12,576698.95,6.83,425.02,90.7,79.6,22108.27,1.139447236,1.008163265,22108.27,576698.95,98.4
9月-09,1159.38,1030.06,89846.9,,99.2,98.5,6577.43,585405.34,6.83,483.68,90.9,84.7,22725.95,1.073199528,1.007106599,22725.95,585405.34,97.48
10月-09,1107.62,867.75,,,99.5,98.7,4683.26,586643.29,6.83,540.38,91.3,87.6,23282.72,1.042237443,1.00810537,23282.72,586643.29,95.93
11月-09,1136.53,945.6,,,100.6,100,6349.93,594604.72,6.83,596.1,92.5,98.7,23887.88,0.937183384,1.006,23887.88,594604.72,95.72
12月-09,1307.24,1122.94,100825.8,,101.9,101.4,19638,610224.52,6.83,686.82,96.5,108.6,23991.52,0.888581952,1.004930966,23991.52,610224.52,97.26
1月-10,1094.75,953.07,,,101.53,101.8,3465.8,625609.29,6.83,61.85,94.7,113.5,24152.21,0.834361233,0.997347741,24152.21,625609.29,97.98
2月-10,945.23,869.1,,,102.7,102.5,4940.21,636072.26,6.83,107.04,94.5,115.6,24245.91,0.817474048,1.00195122,24245.91,636072.26,100.45
3月-10,1121.12,1193.48,87501.3,,102.37,102.3,5923.95,649947.46,6.83,181.09,101.4,117.6,24470.84,0.862244898,1.000684262,24470.84,649947.46,99
4月-10,1199.21,1182.39,,,102.81,102.8,5575.55,656561.22,6.83,238.99,99.3,119.4,24905.12,0.831658291,1.000097276,24905.12,656561.22,98.93
5月-10,1317.61,1122.28,,,103.06,103.1,5786.7,663351.37,6.83,302.15,102.2,119.2,24395.06,0.85738255,0.999612027,24395.06,663351.37,101.43
6月-10,1373.96,1173.74,99347.4,,102.95,102.7,8119.15,673921.72,6.78,397.83,103.4,117.4,24542.75,0.880749574,1.002434275,24542.75,673921.72,101.91
7月-10,1455.19,1167.89,,,103.3,102.8,5810.87,674051.48,6.78,449.56,104,112.8,25388.94,0.921985816,1.004863813,25388.94,674051.48,100.8
8月-10,1393.02,1192.66,,,103.48,103,6413.69,687506.92,6.81,510.88,106.5,110.5,25478.38,0.963800905,1.004660194,25478.38,687506.92,99.77
9月-10,1449.85,1281.1,105963.7,,103.61,103,8469.04,696471.5,6.69,576.33,104.9,109.5,26483.03,0.957990868,1.00592233,26483.03,696471.5,99.76
10月-10,1359.78,1088.33,,,104.37,103.9,6488.3,699776.74,6.67,633.46,104.8,110.4,27608.99,0.949275362,1.00452358,27608.99,699776.74,98.3
11月-10,1533.26,1304.36,,,105.12,104.7,10599.64,710339.03,6.67,706.17,107.6,108.9,27678.09,0.988062443,1.004011461,27678.09,710339.03,100.2
12月-10,1541.49,1410.69,119306.8,,104.59,104.1,17982,725851.79,6.59,809.75,104.9,110.1,28473.38,0.952770209,1.004707012,28473.38,725851.79,101.46
1月-11,1507.34,1442.73,,,104.9,103.7,6408.82,733884.83,6.59,78.46,111,111.7,29316.74,0.993733214,1.011571842,29316.74,733884.83,101.81
2月-11,967.36,1040.64,,,104.9,104.3,4074.75,736130.86,6.58,144.47,111.4,116.6,29913.86,0.955403087,1.005752637,29913.86,736130.86,102.36
3月-11,1521.99,1520.6,104469.9,,105.4,104.6,7570,758130.88,6.56,244.39,107.5,115.5,30446.74,0.930735931,1.007648184,30446.74,758130.88,100.78
4月-11,1556.84,1442.63,,,105.3,104.7,7304.45,757384.56,6.5,306.18,110.9,112.9,31458.43,0.982285208,1.005730659,31458.43,757384.56,99.63
5月-11,1571.57,1441.1,,,105.5,104.9,8268,763409.22,6.48,378.8,109.4,116.7,31659.97,0.937446444,1.005719733,31659.97,763409.22,99.81
6月-11,1619.81,1397.08,118895.9,,106.4,105.8,10809.12,780820.85,6.47,483.31,110.9,115.7,31974.91,0.958513397,1.005671078,31974.91,780820.85,100.12
7月-11,1751.28,1436.44,,,106.5,106.1,6949.92,772923.65,6.44,548.84,110.3,115,32452.83,0.959130435,1.003770028,32452.83,772923.65,100.43
8月-11,1733.16,1555.57,,,106.2,106,8076.96,780852.3,6.39,613.46,109.2,115.6,32624.99,0.944636678,1.001886792,32624.99,780852.3,101.25
9月-11,1696.73,1551.59,126562.2,,106.1,106,10018.55,787406.2,6.35,689.11,109.5,114.8,32016.83,0.953832753,1.000943396,32016.83,787406.2,104.47
10月-11,1574.91,1404.58,,,105.5,105.3,8079.03,816829.25,6.32,760.76,109.5,113.6,32737.96,0.963908451,1.001899335,32737.96,816829.25,105.76
11月-11,1744.64,1599.36,,,104.2,104,11396.18,825493.94,6.35,826,109.6,110.5,32209.07,0.991855204,1.001923077,32209.07,825493.94,106.45
12月-11,1747.18,1581.97,138012.1,,104.1,103.8,19974.22,851590.9,6.3,912.05,111.1,109.1,31811.48,1.018331806,1.002890173,31811.48,851590.9,108.08
1月-12,1499.39,1226.61,,,104.5,104.1,7026.8,855898.89,6.31,75.86,106.9,107,32536.31,0.999065421,1.003842459,32536.31,855898.89,109.58
2月-12,1144.71,1459.54,,,103.2,102.9,6897.34,867171.42,6.29,138.57,105.1,105.4,33096.57,0.9971537,1.002915452,33096.57,867171.42,108.11
3月-12,1656.58,1603.11,117357.6,,103.59,103.48,10193.91,895565.5,6.29,228.14,102.1,100,33049.71,1.021,1.001063007,33049.71,895565.5,108.36
4月-12,1632.52,1448.25,,,103.37,103.1,7885.78,889604.04,6.28,290.82,104.8,99.8,32989.13,1.0501002,1.002618817,32989.13,889604.04,108.2
5月-12,1811.41,1624.41,,,103,102.5,9164.97,900048.77,6.34,357.98,102.9,98.9,32061.09,1.040444894,1.004878049,32061.09,900048.77,109.09
6月-12,1802.04,1484.82,131320.6,,102.15,101.4,12724.21,924991.2,6.32,450.87,102.9,99.3,32400.05,1.036253776,1.00739645,32400.05,924991.2,108.92
7月-12,1769.4,1517.93,,,101.78,100.76,9527.66,919072.4,6.33,512.41,101.1,96.2,32399.52,1.050935551,1.010123065,32399.52,919072.4,108.83
8月-12,1779.73,1513.13,,,102.05,101.02,9019.62,924894.59,6.34,579.63,101.3,95.8,32729.01,1.057411273,1.010196001,32729.01,924894.59,108.39
9月-12,1863.5,1586.8,138089.6,,101.91,100.93,11679.02,943688.75,6.34,643.41,99,98.3,32850.95,1.007121058,1.0097097,32850.95,943688.75,107.55
10月-12,1755.71,1435.24,,,101.7,100.9,8616.63,936404.28,6.3,705.09,99.3,98.1,32874.26,1.012232416,1.007928642,32874.26,936404.28,107.81
11月-12,1793.81,1597.47,,,102.04,101.14,12159.68,944832.4,6.29,769.04,99.5,97.4,32976.71,1.021560575,1.008898556,32976.71,944832.4,109.69
12月-12,1992.3,1676.11,151812,,102.52,101.54,20817,974148.8,6.29,861.32,101.8,97.6,33115.89,1.043032787,1.009651369,33115.89,974148.8,110.03
1月-13,1872.88,1591.98,,11776,102,101.26,8367.26,992129.25,6.28,66.44,100.7,95,34100.61,1.06,1.00730792,34100.61,992129.25,111.58
2月-13,1393.04,1244.22,,8747,103.22,102.07,7737.62,998600.83,6.28,131.24,99.8,98.3,33954.18,1.01525941,1.011266778,33954.18,998600.83,113.43
3月-13,1821.02,1830.08,129449.6,11438,102.07,100.83,10931.86,1035858.37,6.27,226.36,99.1,101.3,34426.49,0.97828233,1.012297927,34426.49,1035858.37,113.77
4月-13,1869.31,1685.69,,11726,102.39,100.94,9307.95,1032551.9,6.22,285.44,99.9,97.5,35344.82,1.024615385,1.014364969,35344.82,1032551.9,114.88
5月-13,1826.8,1620.21,,11408,102.1,100.7,10265.61,1042169.16,6.18,354.44,99.1,95.5,35148.01,1.037696335,1.013902681,35148.01,1042169.16,115.87
6月-13,1742.35,1469.68,143518.7,10827,102.67,101.42,13103.69,1054403.69,6.18,463.29,99.3,98.2,34966.86,1.011201629,1.012324985,34966.86,1054403.69,115.91
7月-13,1859.15,1681.57,,11490,102.67,101.69,9354.51,1052212.34,6.18,540.09,97.7,99.1,35478.1,0.985872856,1.009637132,35478.1,1052212.34,116.9
8月-13,1904.93,1623.59,,11747,102.57,101.59,9607.61,1061256.43,6.17,606.5,97.9,98.6,35530.43,0.992900609,1.009646619,35530.43,1061256.43,116.97
9月-13,1853.13,1705.6,152222.7,11430,103.05,101.91,12856.22,1077379.16,6.15,675.36,100.7,98.9,36626.62,1.018200202,1.011186341,36626.62,1077379.16,117.3
10月-13,1852.94,1542.59,,11412,103.21,101.9,10507.35,1070242.17,6.14,740.45,100.1,98.2,37365.87,1.019348269,1.012855741,37365.87,1070242.17,116.05
11月-13,2020.83,1683.3,,12411,103.02,101.67,12657.53,1079257.06,6.13,799.14,97.8,98.7,37894.51,0.990881459,1.013278253,37894.51,1079257.06,117.45
12月-13,2073.67,1821.39,167772.3,12718,102.5,101.25,25046.79,1106524.98,6.1,895.89,100.1,98.6,38213.15,1.015212982,1.012345679,38213.15,1106524.98,118.53
1月-14,2070.37,1750.14,,12665,102.49,101.11,10153.31,1123521.21,6.11,85.24,98.7,97.4,38666.41,1.013347023,1.013648502,38666.41,1123521.21,120.8
2月-14,1140.52,1366.21,,6965.24,101.95,100.75,6913.39,1131760.83,6.12,153.53,99.2,93.2,39137.39,1.064377682,1.01191067,39137.39,1131760.83,120.71
3月-14,1700.2,1620.17,140759.8,10391.36,102.38,101.24,13365.77,1160687.38,6.15,248.48,96.6,94,39480.97,1.027659574,1.011260371,39480.97,1160687.38,117.13
4月-14,1884.5,1697.86,,11561.08,101.8,100.81,9409.81,1168812.67,6.16,317.78,96.7,99.4,39787.95,0.972837022,1.009820454,39787.95,1168812.67,114.51
5月-14,1955.96,1593.57,,12028.45,102.48,101.65,12789.84,1182293.96,6.17,383.2,98.8,101.3,39838.9,0.975320829,1.008165273,39838.9,1182293.96,113.88
6月-14,1867.56,1548.62,156489.6,11515,102.34,101.6,16521.98,1209587.2,6.15,494.5,98.5,95.9,39932.13,1.027111575,1.007283465,39932.13,1209587.2,113.88
7月-14,2127.44,1653.91,,13107,102.29,101.58,10256.19,1194249.24,6.17,558.6,99.2,98,39662.67,1.012244898,1.006989565,39662.67,1194249.24,114.52
8月-14,2083.3,1584.53,,12832.84,101.99,101.18,10203.69,1197499.08,6.16,616.5,100.5,98,39688.25,1.025510204,1.008005535,39688.25,1197499.08,116.46
9月-14,2135.62,1823.48,165484.7,13159.34,101.63,100.66,14025.53,1202051.41,6.15,691.4,102.1,99,38877,1.031313131,1.0096364,38877,1202051.41,119.23
10月-14,2067.71,1610.72,,12725.42,101.6,100.61,9909.78,1199236.31,6.14,757.5,101.9,97.4,38529.18,1.046201232,1.009839976,38529.18,1199236.31,121.12
11月-14,2115.63,1567.98,,13014.5,101.44,100.44,12758.58,1208605.95,6.13,842.4,99.5,95.5,38473.54,1.041884817,1.009956193,38473.54,1208605.95,123.81
12月-14,2274.3,1775.14,180828.9,13973.33,101.51,100.36,25353.67,1228374.81,6.12,947.4,100.2,90.6,38430.18,1.105960265,1.011458749,38430.18,1228374.81,125.29
1月-15,1998.76,1405.61,,12241,100.76,99.55,8136.78,1242710.22,6.14,115.5,100.4,90.4,38134.14,1.110619469,1.012154696,38134.14,1242710.22,127.36
2月-15,1689.47,1084.85,,10351.2,101.43,99.94,10728.38,1257380.48,6.15,181.07,96.7,90.7,38015.03,1.06615215,1.014908945,38015.03,1257380.48,129.29
3月-15,1442.35,1417.19,151137.9,8847.94,101.38,99.99,13950.11,1275332.78,6.14,279.39,99.7,89.5,37300.38,1.11396648,1.01390139,37300.38,1275332.78,130.33
4月-15,1759.02,1427.01,,10814.84,101.51,100.11,12534.5,1280779.14,6.11,359.01,98.5,87.2,37481.42,1.129587156,1.013984617,37481.42,1280779.14,129.56
5月-15,1888,1316.46,,11581.63,101.23,99.92,13124.15,1307357.63,6.12,429.9,97.7,87.2,37111.43,1.120412844,1.013110488,37111.43,1307357.63,127.89
6月-15,1895.45,1443.47,168549.7,11597.83,101.39,100.05,18814.02,1333375.36,6.11,525.16,100.5,90.7,36938.38,1.108048512,1.013393303,36938.38,1333375.36,128.67
7月-15,1931.61,1512.92,,11813.75,101.65,100.19,12732.37,1353210.92,6.12,586.07,99.3,88.7,36513.1,1.119503946,1.014572313,36513.1,1353210.92,130.68
8月-15,1961.61,1364.73,,11997.61,101.96,100.4,12843.51,1356907.98,6.39,650.67,96.5,85,35573.81,1.135294118,1.015537849,35573.81,1356907.98,130.09
9月-15,2049.23,1453.17,176597.7,12961.07,101.6,100.09,17798.71,1359824.06,6.36,721.66,101.1,86.6,35141.2,1.16743649,1.015086422,35141.2,1359824.06,130.02
10月-15,1921.89,1309.03,,12249.25,101.27,99.98,13491.42,1361020.7,6.35,785.13,101.3,89.8,35255.07,1.128062361,1.012902581,35255.07,1361020.7,128.86
11月-15,1965.93,1426.16,,12489.94,101.49,100.22,16069.43,1373956.01,6.4,863.4,101,88,34382.84,1.147727273,1.012672121,34382.84,1373956.01,130.86
12月-15,2231.36,1635.06,192572.9,14221.45,101.64,100.44,25544.4,1392278.11,6.49,952.85,97.1,87.6,33303.62,1.108447489,1.011947431,33303.62,1392278.11,130.21
1月-16,1693.99,1125.52,,10918.25,101.75,100.17,10134.12,1416319.55,6.55,74.52,93.9,86.9,32308.93,1.080552359,1.015773186,32308.93,1416319.55,129.71
2月-16,1217.07,935.58,,7930.85,102.28,100.94,11036.15,1424618.68,6.55,136.72,98.95,90.5,32023.21,1.093370166,1.013275213,32023.21,1424618.68,130.93
3月-16,1550.98,1301.88,162410,10129.6,102.3,100.73,16788.04,1446198.03,6.46,223.76,96.3,88.4,32125.79,1.089366516,1.015586221,32125.79,1446198.03,128.71
4月-16,1666.89,1268.29,,10861.4,102.33,100.74,13109.32,1445209.59,6.46,288.53,97.38,96.09,32196.68,1.013424914,1.015783204,32196.68,1445209.59,126.32
5月-16,1757.1,1308.64,,11372.34,102.04,100.29,15460.51,1461695.11,6.55,351.42,96.7,95.2,31917.36,1.015756303,1.017449397,31917.36,1461695.11,125.32
6月-16,1766.05,1312.62,181408.2,11498.57,101.88,100.27,22636.87,1490491.83,6.63,459.79,97.7,96.6,32051.62,1.011387164,1.016056647,32051.62,1490491.83,123.32
7月-16,1806.59,1323.12,,11889.4,101.77,100.36,12768.27,1491558.72,6.65,514.28,98.1,97.1,32010.57,1.010298661,1.014049422,32010.57,1491558.72,122.1
8月-16,1888.31,1387.34,,12592.64,101.34,100.35,14186.78,1510982.91,6.69,575.26,99.14,101,31851.67,0.981584158,1.009865471,31851.67,1510982.91,121.18
9月-16,1834.4,1430.11,191010.6,12160.67,101.92,101.01,19836.17,1516360.5,6.68,637.74,96.93,99.2,31663.82,0.977116935,1.009009009,31663.82,1516360.5,121.61
10月-16,1768.36,1286.71,,11769.11,102.1,101.1,11818.54,1519485.4,6.76,693.81,98.66,101,31206.55,0.976831683,1.009891197,31206.55,1519485.4,121.35
11月-16,1935.61,1504.77,,13005.68,102.25,101.5,18063.87,1530432.06,6.89,766.56,97.89,104.01,30515.98,0.941159504,1.007389163,30515.98,1530432.06,122.04
12月-16,2090.97,1694.7,211566.2,14290.79,102.08,101.52,22002.36,1550066.67,6.94,861.26,102.11,108.08,30105.17,0.944763138,1.005516154,30105.17,1550066.67,123.13
1月-17,1802.73,1315.88,,12485,102.55,101.92,13935.36,1584194.56,6.86,85.99,104.06,112.77,29982.04,0.922763146,1.006181319,29982.04,1584194.56,123.63
2月-17,1188.48,1297.87,,8178,100.8,100.69,10924.32,1589857,6.88,154.06,106.68,113.88,30051.24,0.936775553,1.001092462,30051.24,1589857,122.44
3月-17,1792.48,1565.41,181867.7,12299,100.92,100.68,21057.48,1607938.98,6.9,241.03,104.55,113.61,30090.88,0.920253499,1.00238379,30090.88,1607938.98,120.78
4月-17,1777.63,1412.51,,12259,101.17,100.91,13635.52,1603918.84,6.89,299.94,106.86,113.5,30295.33,0.941497797,1.002576553,30295.33,1603918.84,119.75
5月-17,1890.88,1491.66,,13005,101.52,101.1,16914.75,1609740.77,6.86,354.15,105.44,112.44,30535.67,0.937744575,1.004154303,30535.67,1609740.77,118.86
6月-17,1947.55,1535.37,201950.3,13367,101.5,100.9,27015.91,1639497.05,6.77,445.67,106.22,106.22,30567.89,1,1.005946482,30567.89,1639497.05,119.21
7月-17,1921.19,1472.69,,13113,101.41,100.67,13496.04,1636341.11,6.73,491.28,103.99,106.72,30807.2,0.97441904,1.00735075,30807.2,1636341.11,119.33
8月-17,1980.43,1579.97,,13384,101.77,101.14,14647.28,1652947.3,6.6,550.04,102.94,106.38,30915.27,0.967663095,1.00622899,30915.27,1652947.3,120.07
9月-17,1979.44,1705.67,212789.3,13239,101.63,100.99,20246.4,1655662.07,6.64,618.98,102.7,108.96,31085.1,0.942547724,1.006337261,31085.1,1655662.07,121.7
10月-17,1879.03,1510.04,,12414,101.87,101.33,11121.79,1653434.16,6.64,677.95,102.33,106.61,31092.13,0.959853672,1.005329123,31092.13,1653434.16,122.02
11月-17,2158.39,1774.05,,14241,101.73,101.28,16565.58,1670013.4,6.6,842.7,103.1,105.73,31192.77,0.975125319,1.004443128,31192.77,1670013.4,121.92
12月-17,2315.23,1776.72,235428.7,15325,101.85,101.42,23769.58,1676768.54,6.53,913.44,100.44,104.96,31399.49,0.956935976,1.004239795,31399.49,1676768.54,122.14
1月-18,1994.69,1811.51,,13177,101.47,101.26,12927.57,1720814.46,6.33,71.69,100.52,105.14,31614.57,0.956058589,1.002073869,31614.57,1720814.46,123.27
2月-18,1705.49,1383.45,,11061,102.9,102.01,16134.27,1729070.12,6.33,138.26,98.08,98.61,31344.82,0.994625292,1.008724635,31344.82,1729070.12,126.19
3月-18,1739.08,1796.94,202035.7,11063,102.06,101.44,21935.15,1739859.48,6.29,235.3,103.2,101.1,31428.2,1.020771513,1.006111987,31428.2,1739859.48,124.31
4月-18,1989.36,1727.19,,12611,101.8,101.38,14695.56,1737683.73,6.34,290.86,100.2,100.5,31248.52,0.997014925,1.004142829,31248.52,1737683.73,124.6
5月-18,2115.92,1881.77,,13332,101.75,101.54,17002.67,1743063.79,6.41,353.81,100.6,102,31106.23,0.98627451,1.00206815,31106.23,1743063.79,125.37
6月-18,2155.96,1746.91,223962.2,13704,101.85,101.84,28896.89,1770178.37,6.62,463.48,100.4,104.4,31121.29,0.961685824,1.000098193,31121.29,1770178.37,124.53
7月-18,2144.03,1869.14,,13824,102.06,102.18,13944.39,1776196.11,6.82,520.16,101,106.9,31179.46,0.944808232,0.998825602,31179.46,1776196.11,120.91
8月-18,2169.49,1906.52,,14415,102.3,102.27,15136.95,1788670.43,6.82,587.71,104.1,105.8,31097.16,0.983931947,1.000293341,31097.16,1788670.43,119.84
9月-18,2253.98,1951.34,234474.3,15404,102.47,102.65,22616.04,1801665.58,6.88,660.68,107,110.9,30870.25,0.964833183,0.998246469,30870.25,1801665.58,120.53
10月-18,2147.59,1817.86,,14734,102.54,102.79,12030.8,1795561.6,6.96,725.98,109.4,110.4,30530.98,0.990942029,0.997567857,30530.98,1795561.6,120.02
11月-18,2242.94,1824.35,,15483,102.18,102.15,16430.58,1813175.07,6.94,796.55,107.5,111.3,30616.97,0.965858041,1.000293686,30616.97,1813175.07,119.98
12月-18,2208.45,1640.45,258808.9,15322,101.86,101.43,29155.2,1826744.22,6.86,893.97,105.3,112.6,30727.12,0.935168739,1.004239377,30727.12,1826744.22,121.09
1月-19,2180.08,1796.64,,15038.94,101.74,100.96,,1865935.33,6.7,82,103.2,103.8,30879.24,0.994219653,1.007725832,30879.24,1865935.33,122.1
2月-19,1353.24,1323.71,,9234.52,101.49,101,,1867427.45,6.69,148.9,109.6,105,30901.8,1.043809524,1.004851485,30901.8,1867427.45,124.53
3月-19,1982.34,1668.67,218062.8,13390.91,102.28,101.92,25316,1889412.14,6.73,241.08,102.2,102,30987.61,1.001960784,1.003532182,30987.61,1889412.14,124.38
4月-19,1936.06,1805.32,,13016,102.54,101.99,17038,1884670.33,6.73,313.71,103.9,102,30949.53,1.018627451,1.005392686,30949.53,1884670.33,124.01
5月-19,2139.18,1727.73,,14364.11,102.74,102.06,17356,1891153.7,6.9,374.35,103.4,107.9,31010.04,0.958294717,1.006662747,31010.04,1891153.7,122.19
6月-19,2124.66,1628.17,242573.8,14510.88,102.68,101.81,30515,1921360.19,6.87,494.07,105.1,105.9,31192.34,0.992445703,1.00854533,31192.34,1921360.19,120.43
7月-19,2217.72,1777.58,,15261,102.78,101.77,14425,1919410.82,6.88,550.24,103.8,103,31036.97,1.00776699,1.009924339,31036.97,1919410.82,121.2
8月-19,2148.73,1801.57,,14791.66,102.84,101.79,15106,1935492.43,7.09,627.6,103,100.5,31071.76,1.024875622,1.010315355,31071.76,1935492.43,119.83
9月-19,2182.15,1791.37,252208.7,15295.34,103.02,101.89,25543,1952250.49,7.07,699.26,102,98.6,30924.31,1.034482759,1.011090392,30924.31,1952250.49,120
10月-19,2129.79,1706.71,,15045.82,103.76,102.24,11975,1945600.55,7.05,767.23,101.1,96.4,31051.61,1.048755187,1.01486698,31051.61,1945600.55,120.89
11月-19,2214.42,1842.66,,15657.27,104.49,103.04,15876,1961429.56,7.03,853.06,101.4,96.1,30955.91,1.055150884,1.014072205,30955.91,1961429.56,122.63
12月-19,2386.38,1913.9,278019.7,16766.99,104.46,103.42,32411,1986488.82,6.98,,98.6,97.9,31079.24,1.007150153,1.010056082,31079.24,1986488.82,122.24
1月-20,2386.38,1650.74,,,105.38,104.34,,2023066.49,6.89,,98.6,97.9,31154.97,1.007150153,1.009967414,31154.97,2023066.49,124.78
2月-20,2386.38,1549.12,,,105.17,104.21,,2030830.42,7.01,,98.6,97.9,31067.18,1.007150153,1.009212168,31067.18,2030830.42,126.44
3月-20,1851.33,1441.15,206504.3,12926.04,104.27,102.77,22934,2080923.41,7.09,,101.2,97.4,30606.33,1.039014374,1.014595699,30606.33,2080923.41,126.2
4月-20,2001.14,1671.53,,14062.15,103.29,101.74,18312,2093533.83,7.06,,107.7,94.4,30914.59,1.140889831,1.015234913,30914.59,2093533.83,125.74
5月-20,2071.47,1753.02,,14585.79,102.44,100.91,16685,2100183.74,7.13,,108.4,90.6,31016.92,1.196467991,1.015162026,31016.92,2100183.74,123.62
6月-20,2135.74,1763.34,250110.1,15131.36,102.48,101.11,26130,2134948.66,7.08,,104.3,91.7,31123.28,1.13740458,1.013549599,31123.28,2134948.66,121.54
